id;trait;name
0;PURIFICATION;Unknown
1;PURIFICATION;Unknown
2;PURIFICATION;Unknown
3;PURIFICATION;Unknown
4;PURIFICATION;Unknown
5;PURIFICATION;Unknown
6;PURIFICATION;Unknown
7;PURIFICATION;Unknown
8;PURIFICATION;Unknown
9;PURIFICATION;Unknown
10;PURIFICATION;Unknown
11;PURIFICATION;Unknown
12;PURIFICATION;Unknown
13;PURIFICATION;Unknown
14;PURIFICATION;Unknown
15;PURIFICATION;Unknown
16;PURIFICATION;Unknown
17;PURIFICATION;Unknown
18;PURIFICATION;Unknown
19;PURIFICATION;Unknown
20;PURIFICATION;Unknown
21;PURIFICATION;Unknown
22;PURIFICATION;Unknown
23;PURIFICATION;Unknown
24;PURIFICATION;Unknown
25;PURIFICATION;Unknown
26;PURIFICATION;Unknown
27;PURIFICATION;Unknown
28;PURIFICATION;Unknown
29;PURIFICATION;Unknown
30;PURIFICATION;Unknown
31;PURIFICATION;Unknown
32;PURIFICATION;Unknown
33;PURIFICATION;Unknown
34;PURIFICATION;Unknown
35;PURIFICATION;Unknown
36;PURIFICATION;Unknown
37;PURIFICATION;Unknown
38;PURIFICATION;Unknown
39;PURIFICATION;Unknown
40;PURIFICATION;Unknown
41;PURIFICATION;Unknown
42;PURIFICATION;Unknown
43;PURIFICATION;Unknown
44;PURIFICATION;Unknown
45;PURIFICATION;Unknown
46;PURIFICATION;Unknown
47;PURIFICATION;Unknown
48;PURIFICATION;Unknown
49;PURIFICATION;Unknown
50;CONJUNCTION;Hermes
51;CHAOS;Apollo
52;CHAOS;Hermes
53;CHAOS;Artemis
54;PURIFICATION;Hephaestus
55;AURORA;Artemis
56;PURIFICATION;Artemis
57;PURIFICATION;Hades
58;AURORA;Ares
59;CONJUNCTION;Aphrodite
60;CHAOS;Apollo
61;PURIFICATION;Poseidon
62;AURORA;Ares
63;AURORA;Demeter
64;PURIFICATION;Ares
65;CONJUNCTION;Hermes
66;AURORA;Athena
67;CONJUNCTION;Hades
68;AURORA;Poseidon
69;PURIFICATION;Apollo
70;ASTRAL;Zeus
71;PURIFICATION;Demeter
72;CHAOS;Hephaestus
73;CHAOS;Hera
74;CHAOS;Hades
75;AURORA;Artemis
76;PURIFICATION;Poseidon
77;PURIFICATION;Zeus
78;AURORA;Hera
79;AURORA;Hera
80;CHAOS;Hera
81;PURIFICATION;Hades
82;PURIFICATION;Hermes
83;PURIFICATION;Hades
84;PURIFICATION;Hermes
85;CHAOS;Hades
86;CHAOS;Zeus
87;PURIFICATION;Hades
88;AURORA;Zeus
89;PURIFICATION;Hermes
90;AURORA;Ares
91;AURORA;Aphrodite
92;AURORA;Apollo
93;CONJUNCTION;Artemis
94;CHAOS;Athena
95;AURORA;Demeter
96;AURORA;Aphrodite
97;CHAOS;Hera
98;AURORA;Apollo
99;AURORA;Poseidon
100;PURIFICATION;Hephaestus
101;CHAOS;Hermes
102;CHAOS;Artemis
103;CHAOS;Hera
104;CHAOS;Poseidon
105;CHAOS;Athena
106;REFLECTION;Athena
107;PURIFICATION;Ares
108;PURIFICATION;Artemis
109;AURORA;Ares
110;CHAOS;Athena
111;AURORA;Aphrodite
112;CHAOS;Apollo
113;PURIFICATION;Apollo
114;PURIFICATION;Hephaestus
115;PURIFICATION;Hera
116;CONJUNCTION;Apollo
117;AURORA;Zeus
118;AURORA;Demeter
119;AURORA;Zeus
120;CHAOS;Athena
121;PURIFICATION;Hephaestus
122;CHAOS;Athena
123;REFLECTION;Apollo
124;PURIFICATION;Hera
125;AURORA;Apollo
126;AURORA;Artemis
127;CONJUNCTION;Zeus
128;AURORA;Hades
129;AURORA;Ares
130;PURIFICATION;Hermes
131;CHAOS;Poseidon
132;PURIFICATION;Poseidon
133;CHAOS;Hades
134;REFLECTION;Demeter
135;AURORA;Zeus
136;AURORA;Hera
137;CONJUNCTION;Hephaestus
138;AURORA;Aphrodite
139;AURORA;Ares
140;CONJUNCTION;Poseidon
141;AURORA;Hades
142;AURORA;Hera
143;PURIFICATION;Aphrodite
144;CHAOS;Hera
145;CHAOS;Demeter
146;AURORA;Aphrodite
147;PURIFICATION;Hermes
148;AURORA;Hera
149;PURIFICATION;Apollo
150;PURIFICATION;Unknown
151;PURIFICATION;Unknown
152;PURIFICATION;Unknown
153;PURIFICATION;Unknown
154;PURIFICATION;Unknown
155;PURIFICATION;Unknown
156;PURIFICATION;Unknown
157;PURIFICATION;Unknown
158;PURIFICATION;Unknown
159;PURIFICATION;Unknown
160;PURIFICATION;Unknown
161;PURIFICATION;Unknown
162;PURIFICATION;Unknown
163;PURIFICATION;Unknown
164;PURIFICATION;Unknown
165;PURIFICATION;Unknown
166;PURIFICATION;Unknown
167;PURIFICATION;Unknown
168;PURIFICATION;Unknown
169;PURIFICATION;Unknown
170;PURIFICATION;Unknown
171;PURIFICATION;Unknown
172;PURIFICATION;Unknown
173;PURIFICATION;Unknown
174;PURIFICATION;Unknown
175;PURIFICATION;Unknown
176;PURIFICATION;Unknown
177;PURIFICATION;Unknown
178;PURIFICATION;Unknown
179;PURIFICATION;Unknown
180;PURIFICATION;Unknown
181;PURIFICATION;Unknown
182;PURIFICATION;Unknown
183;PURIFICATION;Unknown
184;PURIFICATION;Unknown
185;PURIFICATION;Unknown
186;PURIFICATION;Unknown
187;PURIFICATION;Unknown
188;PURIFICATION;Unknown
189;PURIFICATION;Unknown
190;PURIFICATION;Unknown
191;PURIFICATION;Unknown
192;PURIFICATION;Unknown
193;PURIFICATION;Unknown
194;PURIFICATION;Unknown
195;PURIFICATION;Unknown
196;PURIFICATION;Unknown
197;PURIFICATION;Unknown
198;PURIFICATION;Unknown
199;PURIFICATION;Unknown
200;AURORA;Hephaestus
201;AURORA;Demeter
202;CHAOS;Demeter
203;CONJUNCTION;Hephaestus
204;CONJUNCTION;Demeter
205;CONJUNCTION;Hades
206;CONJUNCTION;Aphrodite
207;AURORA;Poseidon
208;AURORA;Poseidon
209;PURIFICATION;Athena
210;REFLECTION;Hera
211;PURIFICATION;Artemis
212;CHAOS;Poseidon
213;AURORA;Hephaestus
214;CHAOS;Artemis
215;AURORA;Hermes
216;CHAOS;Hera
217;CHAOS;Hermes
218;PURIFICATION;Hades
219;PURIFICATION;Poseidon
220;AURORA;Hermes
221;CONJUNCTION;Poseidon
222;CHAOS;Hades
223;AURORA;Apollo
224;AURORA;Artemis
225;AURORA;Hera
226;AURORA;Zeus
227;CHAOS;Hera
228;CHAOS;Athena
229;PURIFICATION;Hera
230;AURORA;Apollo
231;PURIFICATION;Poseidon
232;AURORA;Apollo
233;CONJUNCTION;Demeter
234;CHAOS;Ares
235;AURORA;Zeus
236;CHAOS;Zeus
237;AURORA;Zeus
238;PURIFICATION;Artemis
239;AURORA;Hera
240;CHAOS;Apollo
241;CONJUNCTION;Hades
242;CHAOS;Poseidon
243;PURIFICATION;Zeus
244;CHAOS;Poseidon
245;CHAOS;Poseidon
246;PURIFICATION;Ares
247;PURIFICATION;Hephaestus
248;CHAOS;Hephaestus
249;CHAOS;Athena
250;PURIFICATION;Poseidon
251;CHAOS;Poseidon
252;AURORA;Aphrodite
253;CHAOS;Athena
254;CHAOS;Poseidon
255;PURIFICATION;Hephaestus
256;CHAOS;Hermes
257;PURIFICATION;Hades
258;PURIFICATION;Hermes
259;PURIFICATION;Hades
260;CHAOS;Demeter
261;PURIFICATION;Zeus
262;AURORA;Athena
263;AURORA;Hermes
264;PURIFICATION;Hades
265;AURORA;Ares
266;PURIFICATION;Hephaestus
267;AURORA;Ares
268;CHAOS;Hera
269;PURIFICATION;Athena
270;CHAOS;Zeus
271;CONJUNCTION;Demeter
272;CHAOS;Hades
273;PURIFICATION;Hera
274;CHAOS;Demeter
275;AURORA;Aphrodite
276;AURORA;Ares
277;CHAOS;Zeus
278;PURIFICATION;Hera
279;CHAOS;Hephaestus
280;REFLECTION;Zeus
281;PURIFICATION;Hermes
282;AURORA;Zeus
283;CHAOS;Apollo
284;PURIFICATION;Apollo
285;AURORA;Artemis
286;CHAOS;Hephaestus
287;AURORA;Zeus
288;CHAOS;Athena
289;PURIFICATION;Hephaestus
290;CONJUNCTION;Hephaestus
291;PURIFICATION;Poseidon
292;AURORA;Athena
293;CHAOS;Hera
294;PURIFICATION;Poseidon
295;CONJUNCTION;Ares
296;PURIFICATION;Hermes
297;ASTRAL;Zeus
298;PURIFICATION;Athena
299;PURIFICATION;Artemis
300;AGNO;Zeus
301;CONJUNCTION;Zeus
302;AURORA;Hephaestus
303;REFLECTION;Hera
304;REFLECTION;Demeter
305;CONJUNCTION;Hephaestus
306;PURIFICATION;Athena
307;AURORA;Hera
308;CONJUNCTION;Demeter
309;PURIFICATION;Hades
310;CONJUNCTION;Artemis
311;PURIFICATION;Apollo
312;CHAOS;Zeus
313;REFLECTION;Ares
314;PURIFICATION;Hephaestus
315;CHAOS;Hermes
316;CHAOS;Demeter
317;REFLECTION;Ares
318;CONJUNCTION;Artemis
319;AURORA;Poseidon
320;AURORA;Ares
321;CHAOS;Artemis
322;PURIFICATION;Hermes
323;CONJUNCTION;Poseidon
324;AURORA;Ares
325;CHAOS;Apollo
326;PURIFICATION;Hermes
327;AURORA;Demeter
328;CHAOS;Poseidon
329;PURIFICATION;Athena
330;CHAOS;Hera
331;CHAOS;Aphrodite
332;AURORA;Apollo
333;AURORA;Hephaestus
334;CHAOS;Artemis
335;PURIFICATION;Athena
336;CHAOS;Athena
337;CHAOS;Apollo
338;PURIFICATION;Hephaestus
339;CHAOS;Athena
340;PURIFICATION;Ares
341;CONJUNCTION;Hera
342;AGNO;Aphrodite
343;PURIFICATION;Athena
344;PURIFICATION;Hephaestus
345;CHAOS;Athena
346;REFLECTION;Athena
347;AURORA;Athena
348;REFLECTION;Athena
349;PURIFICATION;Ares
350;PURIFICATION;Artemis
351;PURIFICATION;Ares
352;AURORA;Poseidon
353;PURIFICATION;Hermes
354;CONJUNCTION;Artemis
355;AURORA;Artemis
356;CHAOS;Hera
357;AURORA;Aphrodite
358;CONJUNCTION;Hermes
359;CONJUNCTION;Artemis
360;CONJUNCTION;Hera
361;AURORA;Zeus
362;PURIFICATION;Poseidon
363;CONJUNCTION;Zeus
364;PURIFICATION;Zeus
365;PURIFICATION;Ares
366;CONJUNCTION;Poseidon
367;PURIFICATION;Aphrodite
368;CHAOS;Athena
369;CONJUNCTION;Apollo
370;PURIFICATION;Aphrodite
371;CHAOS;Hera
372;CHAOS;Hades
373;PURIFICATION;Hades
374;CHAOS;Artemis
375;CHAOS;Hera
376;AURORA;Ares
377;CHAOS;Demeter
378;REFLECTION;Hera
379;CHAOS;Artemis
380;PURIFICATION;Artemis
381;AURORA;Artemis
382;AURORA;Zeus
383;PURIFICATION;Demeter
384;REFLECTION;Artemis
385;PURIFICATION;Apollo
386;CHAOS;Hades
387;CONJUNCTION;Hermes
388;PURIFICATION;Athena
389;PURIFICATION;Hephaestus
390;AURORA;Hera
391;CHAOS;Apollo
392;CONJUNCTION;Hermes
393;AURORA;Ares
394;CHAOS;Demeter
395;AURORA;Hera
396;CHAOS;Hermes
397;PURIFICATION;Hermes
398;PURIFICATION;Hephaestus
399;CONJUNCTION;Hephaestus
400;CHAOS;Hephaestus
401;PURIFICATION;Hades
402;CHAOS;Poseidon
403;CONJUNCTION;Hephaestus
404;PURIFICATION;Athena
405;CHAOS;Ares
406;CHAOS;Demeter
407;PURIFICATION;Apollo
408;CHAOS;Zeus
409;PURIFICATION;Poseidon
410;CHAOS;Apollo
411;CHAOS;Demeter
412;CHAOS;Demeter
413;AURORA;Hades
414;CHAOS;Artemis
415;AURORA;Aphrodite
416;CONJUNCTION;Hera
417;AURORA;Hephaestus
418;CHAOS;Zeus
419;CHAOS;Zeus
420;AURORA;Apollo
421;CONJUNCTION;Zeus
422;PURIFICATION;Apollo
423;PURIFICATION;Apollo
424;AURORA;Hades
425;AURORA;Aphrodite
426;CONJUNCTION;Poseidon
427;PURIFICATION;Athena
428;PURIFICATION;Hades
429;CHAOS;Aphrodite
430;AURORA;Athena
431;PURIFICATION;Hades
432;CHAOS;Hera
433;AURORA;Artemis
434;PURIFICATION;Aphrodite
435;CHAOS;Aphrodite
436;CHAOS;Demeter
437;CHAOS;Hades
438;CHAOS;Aphrodite
439;AURORA;Poseidon
440;PURIFICATION;Apollo
441;AURORA;Aphrodite
442;REFLECTION;Apollo
443;PURIFICATION;Zeus
444;CONJUNCTION;Apollo
445;CONJUNCTION;Athena
446;AURORA;Artemis
447;PURIFICATION;Ares
448;PURIFICATION;Hephaestus
449;PURIFICATION;Artemis
450;CONJUNCTION;Hephaestus
451;AURORA;Hades
452;CHAOS;Athena
453;AURORA;Demeter
454;CONJUNCTION;Hades
455;CHAOS;Hephaestus
456;CONJUNCTION;Poseidon
457;AURORA;Apollo
458;CHAOS;Hephaestus
459;PURIFICATION;Aphrodite
460;PURIFICATION;Hermes
461;CHAOS;Zeus
462;CHAOS;Athena
463;PURIFICATION;Hera
464;PURIFICATION;Poseidon
465;AURORA;Artemis
466;AURORA;Hephaestus
467;AURORA;Hermes
468;PURIFICATION;Demeter
469;PURIFICATION;Artemis
470;CONJUNCTION;Aphrodite
471;AURORA;Poseidon
472;CONJUNCTION;Hermes
473;PURIFICATION;Apollo
474;CHAOS;Hades
475;PURIFICATION;Hera
476;CONJUNCTION;Hephaestus
477;AURORA;Athena
478;ASTRAL;Hera
479;CHAOS;Hermes
480;CHAOS;Athena
481;CONJUNCTION;Hades
482;CHAOS;Artemis
483;PURIFICATION;Apollo
484;PURIFICATION;Apollo
485;AURORA;Poseidon
486;PURIFICATION;Hephaestus
487;CONJUNCTION;Aphrodite
488;PURIFICATION;Hermes
489;AURORA;Demeter
490;CONJUNCTION;Artemis
491;PURIFICATION;Zeus
492;PURIFICATION;Apollo
493;CHAOS;Athena
494;PURIFICATION;Zeus
495;CHAOS;Hera
496;CHAOS;Hermes
497;CHAOS;Poseidon
498;CONJUNCTION;Apollo
499;CHAOS;Athena
500;PURIFICATION;Poseidon
501;CONJUNCTION;Hermes
502;PURIFICATION;Hephaestus
503;PURIFICATION;Hephaestus
504;CHAOS;Aphrodite
505;CHAOS;Artemis
506;PURIFICATION;Hermes
507;AURORA;Aphrodite
508;AURORA;Aphrodite
509;PURIFICATION;Poseidon
510;AURORA;Athena
511;AURORA;Hermes
512;PURIFICATION;Ares
513;PURIFICATION;Artemis
514;AURORA;Athena
515;PURIFICATION;Hephaestus
516;CHAOS;Zeus
517;PURIFICATION;Ares
518;PURIFICATION;Aphrodite
519;PURIFICATION;Aphrodite
520;AURORA;Zeus
521;AURORA;Hermes
522;AURORA;Demeter
523;PURIFICATION;Artemis
524;PURIFICATION;Athena
525;AURORA;Hades
526;CONJUNCTION;Apollo
527;REFLECTION;Aphrodite
528;PURIFICATION;Hera
529;CHAOS;Poseidon
530;AGNO;Apollo
531;AURORA;Artemis
532;AURORA;Poseidon
533;AURORA;Hera
534;CHAOS;Apollo
535;AURORA;Ares
536;PURIFICATION;Hephaestus
537;CONJUNCTION;Athena
538;PURIFICATION;Ares
539;CONJUNCTION;Athena
540;AURORA;Hermes
541;CHAOS;Hermes
542;AURORA;Zeus
543;PURIFICATION;Hephaestus
544;CHAOS;Athena
545;AURORA;Demeter
546;PURIFICATION;Ares
547;PURIFICATION;Hermes
548;ASTRAL;Hera
549;AURORA;Ares
550;PURIFICATION;Apollo
551;PURIFICATION;Hera
552;PURIFICATION;Demeter
553;AURORA;Aphrodite
554;PURIFICATION;Hera
555;CHAOS;Artemis
556;PURIFICATION;Poseidon
557;PURIFICATION;Ares
558;AURORA;Hades
559;CONJUNCTION;Hades
560;PURIFICATION;Apollo
561;AURORA;Zeus
562;AURORA;Hera
563;PURIFICATION;Hera
564;AURORA;Ares
565;PURIFICATION;Poseidon
566;CHAOS;Hermes
567;CHAOS;Ares
568;AURORA;Apollo
569;PURIFICATION;Hermes
570;CHAOS;Athena
571;CONJUNCTION;Poseidon
572;PURIFICATION;Artemis
573;CHAOS;Hermes
574;PURIFICATION;Artemis
575;AURORA;Hera
576;PURIFICATION;Aphrodite
577;CHAOS;Athena
578;PURIFICATION;Hera
579;CHAOS;Hades
580;AURORA;Poseidon
581;CONJUNCTION;Hermes
582;CHAOS;Aphrodite
583;CHAOS;Ares
584;CHAOS;Ares
585;AURORA;Hephaestus
586;CHAOS;Hades
587;CONJUNCTION;Athena
588;PURIFICATION;Hades
589;CHAOS;Athena
590;PURIFICATION;Hephaestus
591;PURIFICATION;Poseidon
592;PURIFICATION;Athena
593;CHAOS;Zeus
594;CHAOS;Artemis
595;CHAOS;Hephaestus
596;PURIFICATION;Apollo
597;AURORA;Hera
598;AURORA;Hephaestus
599;CHAOS;Hermes
600;PURIFICATION;Artemis
601;PURIFICATION;Ares
602;PURIFICATION;Hephaestus
603;CHAOS;Hermes
604;CONJUNCTION;Artemis
605;CHAOS;Artemis
606;CHAOS;Zeus
607;AURORA;Poseidon
608;REFLECTION;Artemis
609;CHAOS;Apollo
610;CONJUNCTION;Hephaestus
611;PURIFICATION;Demeter
612;CHAOS;Zeus
613;PURIFICATION;Demeter
614;PURIFICATION;Hades
615;AURORA;Apollo
616;AURORA;Hades
617;AURORA;Demeter
618;CHAOS;Hermes
619;PURIFICATION;Apollo
620;CONJUNCTION;Hephaestus
621;CHAOS;Demeter
622;AURORA;Poseidon
623;AURORA;Apollo
624;AURORA;Zeus
625;AURORA;Artemis
626;AURORA;Ares
627;AURORA;Hermes
628;CHAOS;Hermes
629;AURORA;Aphrodite
630;PURIFICATION;Hermes
631;PURIFICATION;Aphrodite
632;CHAOS;Hera
633;CHAOS;Hermes
634;AURORA;Poseidon
635;AURORA;Zeus
636;AURORA;Poseidon
637;AURORA;Demeter
638;CONJUNCTION;Hephaestus
639;AURORA;Zeus
640;PURIFICATION;Hephaestus
641;PURIFICATION;Artemis
642;PURIFICATION;Zeus
643;AURORA;Hera
644;CHAOS;Hera
645;PURIFICATION;Hermes
646;PURIFICATION;Artemis
647;CHAOS;Hermes
648;AURORA;Ares
649;AURORA;Hera
650;CHAOS;Demeter
651;CHAOS;Hephaestus
652;CHAOS;Hermes
653;PURIFICATION;Hades
654;CHAOS;Zeus
655;PURIFICATION;Apollo
656;CHAOS;Aphrodite
657;CHAOS;Aphrodite
658;PURIFICATION;Aphrodite
659;AURORA;Poseidon
660;AURORA;Poseidon
661;PURIFICATION;Athena
662;PURIFICATION;Hades
663;AURORA;Poseidon
664;PURIFICATION;Apollo
665;PURIFICATION;Ares
666;PURIFICATION;Ares
667;PURIFICATION;Apollo
668;AURORA;Hermes
669;ASTRAL;Hephaestus
670;CHAOS;Artemis
671;PURIFICATION;Hades
672;PURIFICATION;Aphrodite
673;CONJUNCTION;Hades
674;AURORA;Hera
675;CHAOS;Hephaestus
676;CHAOS;Hades
677;PURIFICATION;Hades
678;PURIFICATION;Hera
679;CHAOS;Demeter
680;PURIFICATION;Hera
681;AURORA;Hades
682;AGNO;Artemis
683;AURORA;Hermes
684;CHAOS;Hades
685;CONJUNCTION;Ares
686;AURORA;Hades
687;PURIFICATION;Hera
688;PURIFICATION;Hades
689;CHAOS;Artemis
690;CHAOS;Artemis
691;PURIFICATION;Poseidon
692;CHAOS;Hades
693;CONJUNCTION;Hermes
694;AURORA;Athena
695;ASTRAL;Aphrodite
696;CHAOS;Apollo
697;REFLECTION;Apollo
698;CHAOS;Aphrodite
699;CHAOS;Hera
700;CHAOS;Hera
701;CONJUNCTION;Zeus
702;PURIFICATION;Artemis
703;REFLECTION;Poseidon
704;CHAOS;Apollo
705;CONJUNCTION;Artemis
706;CHAOS;Apollo
707;CHAOS;Demeter
708;AURORA;Athena
709;AURORA;Zeus
710;CHAOS;Artemis
711;CHAOS;Hera
712;PURIFICATION;Athena
713;CHAOS;Hermes
714;AURORA;Ares
715;PURIFICATION;Hermes
716;PURIFICATION;Artemis
717;CHAOS;Hephaestus
718;CONJUNCTION;Poseidon
719;AURORA;Hermes
720;PURIFICATION;Demeter
721;CONJUNCTION;Zeus
722;CHAOS;Poseidon
723;PURIFICATION;Poseidon
724;PURIFICATION;Hermes
725;CONJUNCTION;Poseidon
726;AURORA;Ares
727;CHAOS;Hermes
728;PURIFICATION;Athena
729;PURIFICATION;Hades
730;PURIFICATION;Ares
731;PURIFICATION;Hermes
732;CONJUNCTION;Ares
733;CHAOS;Artemis
734;PURIFICATION;Hades
735;CHAOS;Aphrodite
736;AURORA;Artemis
737;CHAOS;Demeter
738;PURIFICATION;Ares
739;CHAOS;Athena
740;CHAOS;Ares
741;PURIFICATION;Poseidon
742;PURIFICATION;Ares
743;AURORA;Hermes
744;AURORA;Apollo
745;AURORA;Zeus
746;CONJUNCTION;Apollo
747;PURIFICATION;Poseidon
748;AURORA;Aphrodite
749;CHAOS;Hera
750;REFLECTION;Aphrodite
751;PURIFICATION;Zeus
752;CONJUNCTION;Apollo
753;CHAOS;Demeter
754;PURIFICATION;Zeus
755;AURORA;Ares
756;AURORA;Apollo
757;CHAOS;Aphrodite
758;CHAOS;Zeus
759;CHAOS;Apollo
760;CHAOS;Ares
761;AURORA;Hermes
762;PURIFICATION;Aphrodite
763;PURIFICATION;Ares
764;PURIFICATION;Demeter
765;CHAOS;Athena
766;PURIFICATION;Hermes
767;PURIFICATION;Athena
768;CHAOS;Poseidon
769;CHAOS;Hephaestus
770;CHAOS;Hera
771;REFLECTION;Hermes
772;PURIFICATION;Hades
773;CONJUNCTION;Zeus
774;PURIFICATION;Aphrodite
775;CHAOS;Hades
776;CHAOS;Hades
777;CHAOS;Athena
778;AURORA;Apollo
779;AURORA;Apollo
780;PURIFICATION;Aphrodite
781;CONJUNCTION;Ares
782;AURORA;Demeter
783;PURIFICATION;Hades
784;AURORA;Zeus
785;PURIFICATION;Hermes
786;CONJUNCTION;Zeus
787;PURIFICATION;Poseidon
788;CHAOS;Apollo
789;AURORA;Hephaestus
790;AURORA;Hera
791;CONJUNCTION;Hermes
792;CHAOS;Hera
793;CHAOS;Aphrodite
794;PURIFICATION;Poseidon
795;CONJUNCTION;Apollo
796;PURIFICATION;Apollo
797;AURORA;Ares
798;CHAOS;Poseidon
799;PURIFICATION;Zeus
800;ASTRAL;Hera
801;CHAOS;Hephaestus
802;AURORA;Apollo
803;AURORA;Hermes
804;PURIFICATION;Hades
805;AURORA;Athena
806;CHAOS;Hades
807;AURORA;Ares
808;PURIFICATION;Hades
809;CONJUNCTION;Hephaestus
810;CHAOS;Hephaestus
811;AURORA;Athena
812;PURIFICATION;Apollo
813;AURORA;Hades
814;CHAOS;Ares
815;AURORA;Hera
816;CONJUNCTION;Hades
817;CONJUNCTION;Apollo
818;PURIFICATION;Athena
819;CONJUNCTION;Hades
820;PURIFICATION;Apollo
821;AURORA;Ares
822;CHAOS;Demeter
823;CONJUNCTION;Artemis
824;AURORA;Poseidon
825;CONJUNCTION;Athena
826;PURIFICATION;Demeter
827;PURIFICATION;Hermes
828;PURIFICATION;Poseidon
829;AURORA;Hera
830;AURORA;Poseidon
831;CHAOS;Aphrodite
832;CHAOS;Hades
833;CHAOS;Aphrodite
834;CHAOS;Hera
835;CHAOS;Demeter
836;CHAOS;Artemis
837;CHAOS;Hades
838;CHAOS;Hermes
839;PURIFICATION;Athena
840;CHAOS;Aphrodite
841;AURORA;Poseidon
842;PURIFICATION;Hera
843;CHAOS;Athena
844;PURIFICATION;Artemis
845;PURIFICATION;Apollo
846;PURIFICATION;Aphrodite
847;AURORA;Zeus
848;AURORA;Zeus
849;CHAOS;Aphrodite
850;PURIFICATION;Hades
851;CHAOS;Aphrodite
852;AURORA;Apollo
853;CONJUNCTION;Poseidon
854;PURIFICATION;Poseidon
855;CONJUNCTION;Hera
856;REFLECTION;Hera
857;CHAOS;Hephaestus
858;PURIFICATION;Ares
859;PURIFICATION;Demeter
860;PURIFICATION;Aphrodite
861;CONJUNCTION;Apollo
862;AURORA;Zeus
863;CONJUNCTION;Hades
864;AURORA;Athena
865;PURIFICATION;Artemis
866;CONJUNCTION;Hades
867;AURORA;Apollo
868;CHAOS;Artemis
869;CHAOS;Hades
870;CONJUNCTION;Demeter
871;CHAOS;Hera
872;PURIFICATION;Hades
873;CHAOS;Hades
874;AURORA;Apollo
875;PURIFICATION;Apollo
876;PURIFICATION;Poseidon
877;PURIFICATION;Zeus
878;PURIFICATION;Hephaestus
879;CONJUNCTION;Apollo
880;CHAOS;Hera
881;ASTRAL;Apollo
882;PURIFICATION;Hades
883;CHAOS;Artemis
884;CHAOS;Aphrodite
885;CHAOS;Aphrodite
886;REFLECTION;Ares
887;CHAOS;Ares
888;AGNO;Hades
889;CHAOS;Apollo
890;CHAOS;Ares
891;CHAOS;Hades
892;PURIFICATION;Ares
893;CHAOS;Ares
894;AURORA;Zeus
895;AURORA;Aphrodite
896;AURORA;Zeus
897;CHAOS;Apollo
898;AURORA;Poseidon
899;PURIFICATION;Demeter
900;PURIFICATION;Hephaestus
901;AURORA;Hades
902;CONJUNCTION;Artemis
903;PURIFICATION;Hephaestus
904;PURIFICATION;Hermes
905;CHAOS;Poseidon
906;PURIFICATION;Ares
907;CHAOS;Ares
908;PURIFICATION;Hermes
909;ASTRAL;Hera
910;AGNO;Hermes
911;CHAOS;Athena
912;AURORA;Athena
913;PURIFICATION;Apollo
914;CHAOS;Apollo
915;CHAOS;Hephaestus
916;AURORA;Artemis
917;PURIFICATION;Ares
918;CHAOS;Demeter
919;ASTRAL;Demeter
920;CHAOS;Ares
921;PURIFICATION;Hermes
922;CHAOS;Demeter
923;PURIFICATION;Ares
924;AURORA;Zeus
925;AURORA;Hades
926;CHAOS;Athena
927;PURIFICATION;Hera
928;PURIFICATION;Hades
929;CONJUNCTION;Poseidon
930;PURIFICATION;Demeter
931;AURORA;Athena
932;CHAOS;Zeus
933;AURORA;Hades
934;PURIFICATION;Apollo
935;AURORA;Poseidon
936;PURIFICATION;Demeter
937;CONJUNCTION;Demeter
938;CHAOS;Hermes
939;CHAOS;Zeus
940;PURIFICATION;Apollo
941;CHAOS;Ares
942;PURIFICATION;Demeter
943;AURORA;Artemis
944;CONJUNCTION;Hades
945;CHAOS;Hermes
946;PURIFICATION;Hades
947;PURIFICATION;Aphrodite
948;AURORA;Hera
949;AURORA;Aphrodite
950;CHAOS;Hermes
951;AURORA;Hermes
952;CHAOS;Athena
953;AURORA;Hera
954;CHAOS;Poseidon
955;CHAOS;Hera
956;CHAOS;Demeter
957;CONJUNCTION;Aphrodite
958;AURORA;Hades
959;AURORA;Zeus
960;CONJUNCTION;Zeus
961;PURIFICATION;Hephaestus
962;CHAOS;Hephaestus
963;CHAOS;Artemis
964;AURORA;Ares
965;CONJUNCTION;Zeus
966;AURORA;Zeus
967;PURIFICATION;Athena
968;AURORA;Aphrodite
969;CHAOS;Zeus
970;PURIFICATION;Aphrodite
971;PURIFICATION;Hades
972;CHAOS;Hades
973;PURIFICATION;Hades
974;CHAOS;Hera
975;PURIFICATION;Hades
976;CHAOS;Hera
977;PURIFICATION;Athena
978;AURORA;Poseidon
979;PURIFICATION;Hermes
980;CONJUNCTION;Demeter
981;CHAOS;Hephaestus
982;AURORA;Aphrodite
983;CHAOS;Ares
984;PURIFICATION;Apollo
985;CHAOS;Hades
986;CONJUNCTION;Aphrodite
987;PURIFICATION;Hades
988;PURIFICATION;Demeter
989;AURORA;Zeus
990;PURIFICATION;Poseidon
991;AURORA;Zeus
992;PURIFICATION;Hera
993;CHAOS;Hermes
994;PURIFICATION;Hephaestus
995;PURIFICATION;Hera
996;AURORA;Apollo
997;AURORA;Demeter
998;PURIFICATION;Demeter
999;PURIFICATION;Poseidon
1000;PURIFICATION;Hades
1001;PURIFICATION;Artemis
1002;CHAOS;Hera
1003;CHAOS;Hades
1004;PURIFICATION;Hephaestus
1005;CHAOS;Demeter
1006;CONJUNCTION;Poseidon
1007;AURORA;Aphrodite
1008;CHAOS;Hades
1009;CHAOS;Hera
1010;AURORA;Hades
1011;CHAOS;Demeter
1012;PURIFICATION;Hades
1013;AURORA;Hades
1014;CHAOS;Aphrodite
1015;PURIFICATION;Hephaestus
1016;CHAOS;Hades
1017;PURIFICATION;Zeus
1018;PURIFICATION;Hermes
1019;AURORA;Poseidon
1020;CONJUNCTION;Hera
1021;PURIFICATION;Artemis
1022;AURORA;Ares
1023;PURIFICATION;Ares
1024;CHAOS;Zeus
1025;CONJUNCTION;Demeter
1026;AURORA;Ares
1027;PURIFICATION;Poseidon
1028;PURIFICATION;Hera
1029;CONJUNCTION;Hades
1030;PURIFICATION;Apollo
1031;PURIFICATION;Demeter
1032;AURORA;Ares
1033;REFLECTION;Artemis
1034;CHAOS;Aphrodite
1035;PURIFICATION;Zeus
1036;AURORA;Hades
1037;AURORA;Hera
1038;CONJUNCTION;Athena
1039;PURIFICATION;Hermes
1040;PURIFICATION;Apollo
1041;AURORA;Artemis
1042;AURORA;Athena
1043;AURORA;Hermes
1044;PURIFICATION;Athena
1045;CONJUNCTION;Athena
1046;CHAOS;Hades
1047;AURORA;Zeus
1048;CHAOS;Apollo
1049;AURORA;Demeter
1050;AURORA;Demeter
1051;CHAOS;Hera
1052;CHAOS;Aphrodite
1053;AURORA;Hermes
1054;PURIFICATION;Ares
1055;PURIFICATION;Aphrodite
1056;CHAOS;Demeter
1057;CHAOS;Apollo
1058;PURIFICATION;Hera
1059;PURIFICATION;Hades
1060;CHAOS;Zeus
1061;CHAOS;Aphrodite
1062;CHAOS;Apollo
1063;PURIFICATION;Hephaestus
1064;PURIFICATION;Apollo
1065;CHAOS;Zeus
1066;PURIFICATION;Hephaestus
1067;CHAOS;Hades
1068;AURORA;Zeus
1069;PURIFICATION;Hera
1070;CHAOS;Athena
1071;CONJUNCTION;Aphrodite
1072;CHAOS;Poseidon
1073;CHAOS;Athena
1074;CHAOS;Athena
1075;PURIFICATION;Hera
1076;AURORA;Hades
1077;AURORA;Apollo
1078;PURIFICATION;Zeus
1079;AURORA;Hephaestus
1080;AURORA;Hera
1081;PURIFICATION;Poseidon
1082;PURIFICATION;Artemis
1083;PURIFICATION;Poseidon
1084;AURORA;Athena
1085;AURORA;Artemis
1086;CHAOS;Hera
1087;PURIFICATION;Apollo
1088;AURORA;Poseidon
1089;CHAOS;Apollo
1090;CONJUNCTION;Ares
1091;CHAOS;Poseidon
1092;AURORA;Apollo
1093;PURIFICATION;Hades
1094;PURIFICATION;Athena
1095;CHAOS;Athena
1096;PURIFICATION;Hera
1097;CHAOS;Apollo
1098;CHAOS;Hermes
1099;CONJUNCTION;Demeter
1100;CONJUNCTION;Hades
1101;PURIFICATION;Ares
1102;AURORA;Demeter
1103;AURORA;Poseidon
1104;AURORA;Poseidon
1105;PURIFICATION;Poseidon
1106;CHAOS;Artemis
1107;CONJUNCTION;Hades
1108;CHAOS;Athena
1109;PURIFICATION;Apollo
1110;CONJUNCTION;Poseidon
1111;CONJUNCTION;Aphrodite
1112;AURORA;Apollo
1113;PURIFICATION;Athena
1114;CHAOS;Artemis
1115;AURORA;Apollo
1116;REFLECTION;Ares
1117;CHAOS;Hermes
1118;AURORA;Artemis
1119;AURORA;Hades
1120;ASTRAL;Apollo
1121;CHAOS;Hermes
1122;AURORA;Aphrodite
1123;CONJUNCTION;Hermes
1124;CHAOS;Hermes
1125;CHAOS;Zeus
1126;CONJUNCTION;Hera
1127;PURIFICATION;Aphrodite
1128;CHAOS;Hades
1129;AURORA;Artemis
1130;CHAOS;Hephaestus
1131;CHAOS;Poseidon
1132;PURIFICATION;Ares
1133;PURIFICATION;Ares
1134;PURIFICATION;Artemis
1135;AURORA;Hera
1136;PURIFICATION;Artemis
1137;AURORA;Ares
1138;CHAOS;Aphrodite
1139;AURORA;Hera
1140;CONJUNCTION;Artemis
1141;CHAOS;Hera
1142;AURORA;Hades
1143;AURORA;Ares
1144;AURORA;Aphrodite
1145;CHAOS;Hermes
1146;CHAOS;Artemis
1147;AURORA;Aphrodite
1148;CHAOS;Hera
1149;CHAOS;Hades
1150;CHAOS;Poseidon
1151;AURORA;Zeus
1152;CHAOS;Hera
1153;CHAOS;Demeter
1154;PURIFICATION;Poseidon
1155;AURORA;Artemis
1156;CONJUNCTION;Hera
1157;AURORA;Athena
1158;PURIFICATION;Zeus
1159;CHAOS;Zeus
1160;CHAOS;Athena
1161;PURIFICATION;Zeus
1162;PURIFICATION;Hermes
1163;AURORA;Demeter
1164;AURORA;Hades
1165;AURORA;Apollo
1166;CHAOS;Apollo
1167;AURORA;Demeter
1168;CHAOS;Zeus
1169;CHAOS;Athena
1170;CHAOS;Poseidon
1171;AURORA;Athena
1172;AURORA;Hera
1173;AURORA;Hephaestus
1174;AURORA;Hephaestus
1175;CHAOS;Aphrodite
1176;CONJUNCTION;Hephaestus
1177;PURIFICATION;Zeus
1178;AURORA;Apollo
1179;PURIFICATION;Hera
1180;CHAOS;Demeter
1181;CONJUNCTION;Zeus
1182;PURIFICATION;Hera
1183;CHAOS;Demeter
1184;CONJUNCTION;Artemis
1185;PURIFICATION;Demeter
1186;CHAOS;Demeter
1187;PURIFICATION;Hermes
1188;PURIFICATION;Demeter
1189;PURIFICATION;Artemis
1190;AURORA;Apollo
1191;AURORA;Poseidon
1192;PURIFICATION;Hermes
1193;AURORA;Apollo
1194;CHAOS;Hades
1195;PURIFICATION;Apollo
1196;PURIFICATION;Aphrodite
1197;PURIFICATION;Demeter
1198;PURIFICATION;Hera
1199;AURORA;Poseidon
1200;PURIFICATION;Poseidon
1201;PURIFICATION;Aphrodite
1202;AURORA;Poseidon
1203;CHAOS;Zeus
1204;CHAOS;Ares
1205;PURIFICATION;Hephaestus
1206;AURORA;Ares
1207;AURORA;Poseidon
1208;PURIFICATION;Hades
1209;PURIFICATION;Hades
1210;PURIFICATION;Athena
1211;PURIFICATION;Aphrodite
1212;PURIFICATION;Aphrodite
1213;AURORA;Ares
1214;CHAOS;Aphrodite
1215;CHAOS;Ares
1216;AURORA;Hermes
1217;CHAOS;Hera
1218;CHAOS;Artemis
1219;AURORA;Athena
1220;PURIFICATION;Artemis
1221;ASTRAL;Athena
1222;AGNO;Athena
1223;AURORA;Hephaestus
1224;CHAOS;Ares
1225;AURORA;Ares
1226;CONJUNCTION;Athena
1227;AURORA;Aphrodite
1228;AURORA;Aphrodite
1229;AURORA;Poseidon
1230;CHAOS;Zeus
1231;AURORA;Artemis
1232;CHAOS;Hephaestus
1233;AURORA;Apollo
1234;AURORA;Zeus
1235;PURIFICATION;Hera
1236;PURIFICATION;Aphrodite
1237;PURIFICATION;Apollo
1238;CHAOS;Hephaestus
1239;CHAOS;Athena
1240;CONJUNCTION;Poseidon
1241;CHAOS;Aphrodite
1242;AURORA;Poseidon
1243;CONJUNCTION;Ares
1244;PURIFICATION;Apollo
1245;PURIFICATION;Hades
1246;CHAOS;Hephaestus
1247;CHAOS;Hermes
1248;PURIFICATION;Athena
1249;AURORA;Artemis
1250;CHAOS;Demeter
1251;PURIFICATION;Athena
1252;PURIFICATION;Poseidon
1253;AURORA;Zeus
1254;CHAOS;Athena
1255;REFLECTION;Demeter
1256;PURIFICATION;Apollo
1257;CONJUNCTION;Hades
1258;PURIFICATION;Aphrodite
1259;CHAOS;Zeus
1260;CHAOS;Hephaestus
1261;CHAOS;Hera
1262;AGNO;Hephaestus
1263;PURIFICATION;Aphrodite
1264;CHAOS;Athena
1265;PURIFICATION;Aphrodite
1266;CONJUNCTION;Apollo
1267;PURIFICATION;Poseidon
1268;PURIFICATION;Zeus
1269;PURIFICATION;Athena
1270;CHAOS;Hera
1271;ASTRAL;Athena
1272;CHAOS;Ares
1273;AURORA;Hephaestus
1274;PURIFICATION;Apollo
1275;CHAOS;Ares
1276;PURIFICATION;Hephaestus
1277;AURORA;Demeter
1278;CONJUNCTION;Hades
1279;PURIFICATION;Ares
1280;AURORA;Apollo
1281;AURORA;Hephaestus
1282;CHAOS;Athena
1283;CONJUNCTION;Demeter
1284;PURIFICATION;Ares
1285;AURORA;Ares
1286;PURIFICATION;Athena
1287;CHAOS;Athena
1288;CHAOS;Athena
1289;CONJUNCTION;Apollo
1290;AURORA;Aphrodite
1291;CONJUNCTION;Ares
1292;AURORA;Apollo
1293;CHAOS;Hades
1294;PURIFICATION;Hephaestus
1295;AURORA;Hades
1296;AURORA;Artemis
1297;AURORA;Hermes
1298;CHAOS;Aphrodite
1299;PURIFICATION;Athena
1300;CHAOS;Apollo
1301;PURIFICATION;Athena
1302;PURIFICATION;Hephaestus
1303;CHAOS;Hera
1304;CONJUNCTION;Hera
1305;AURORA;Artemis
1306;PURIFICATION;Hera
1307;AURORA;Hera
1308;CHAOS;Hera
1309;CHAOS;Hermes
1310;CONJUNCTION;Ares
1311;CHAOS;Hades
1312;AURORA;Hermes
1313;PURIFICATION;Hermes
1314;AURORA;Hermes
1315;CHAOS;Athena
1316;CHAOS;Hephaestus
1317;REFLECTION;Athena
1318;PURIFICATION;Ares
1319;CONJUNCTION;Demeter
1320;PURIFICATION;Zeus
1321;CHAOS;Hermes
1322;PURIFICATION;Zeus
1323;PURIFICATION;Hera
1324;AURORA;Hephaestus
1325;AURORA;Artemis
1326;AURORA;Hermes
1327;PURIFICATION;Hermes
1328;AURORA;Demeter
1329;PURIFICATION;Demeter
1330;PURIFICATION;Poseidon
1331;AURORA;Athena
1332;PURIFICATION;Athena
1333;AURORA;Poseidon
1334;CHAOS;Hephaestus
1335;PURIFICATION;Zeus
1336;AURORA;Poseidon
1337;CHAOS;Hephaestus
1338;AURORA;Athena
1339;CHAOS;Hera
1340;PURIFICATION;Hephaestus
1341;CHAOS;Athena
1342;AURORA;Artemis
1343;AURORA;Hades
1344;CHAOS;Hera
1345;AURORA;Hades
1346;PURIFICATION;Aphrodite
1347;CONJUNCTION;Athena
1348;AURORA;Hephaestus
1349;CONJUNCTION;Artemis
1350;PURIFICATION;Ares
1351;PURIFICATION;Hades
1352;AURORA;Artemis
1353;AURORA;Apollo
1354;PURIFICATION;Aphrodite
1355;CHAOS;Hades
1356;CHAOS;Demeter
1357;CHAOS;Aphrodite
1358;PURIFICATION;Hermes
1359;AURORA;Zeus
1360;PURIFICATION;Ares
1361;AURORA;Apollo
1362;AURORA;Hera
1363;PURIFICATION;Demeter
1364;CHAOS;Hades
1365;CONJUNCTION;Hermes
1366;PURIFICATION;Apollo
1367;ASTRAL;Aphrodite
1368;PURIFICATION;Artemis
1369;AURORA;Hera
1370;CONJUNCTION;Hera
1371;PURIFICATION;Hephaestus
1372;PURIFICATION;Apollo
1373;CHAOS;Artemis
1374;AURORA;Zeus
1375;PURIFICATION;Zeus
1376;CONJUNCTION;Hades
1377;AURORA;Artemis
1378;AURORA;Zeus
1379;CHAOS;Zeus
1380;CHAOS;Apollo
1381;CONJUNCTION;Hades
1382;PURIFICATION;Demeter
1383;AURORA;Hera
1384;CHAOS;Demeter
1385;PURIFICATION;Zeus
1386;CHAOS;Aphrodite
1387;AURORA;Aphrodite
1388;CHAOS;Athena
1389;PURIFICATION;Athena
1390;CONJUNCTION;Artemis
1391;CHAOS;Athena
1392;CHAOS;Ares
1393;PURIFICATION;Aphrodite
1394;PURIFICATION;Ares
1395;CHAOS;Hera
1396;CHAOS;Hermes
1397;AURORA;Demeter
1398;CHAOS;Hades
1399;PURIFICATION;Hera
1400;AURORA;Zeus
1401;CONJUNCTION;Artemis
1402;CHAOS;Ares
1403;AURORA;Ares
1404;PURIFICATION;Apollo
1405;CHAOS;Ares
1406;AURORA;Aphrodite
1407;PURIFICATION;Hera
1408;PURIFICATION;Aphrodite
1409;PURIFICATION;Zeus
1410;PURIFICATION;Athena
1411;PURIFICATION;Athena
1412;CHAOS;Apollo
1413;AURORA;Hera
1414;PURIFICATION;Poseidon
1415;AURORA;Hera
1416;PURIFICATION;Zeus
1417;AURORA;Poseidon
1418;AURORA;Aphrodite
1419;CONJUNCTION;Hades
1420;AURORA;Poseidon
1421;REFLECTION;Aphrodite
1422;PURIFICATION;Ares
1423;AURORA;Poseidon
1424;PURIFICATION;Poseidon
1425;AURORA;Apollo
1426;CHAOS;Hephaestus
1427;CHAOS;Hermes
1428;PURIFICATION;Zeus
1429;CONJUNCTION;Apollo
1430;PURIFICATION;Hermes
1431;CHAOS;Ares
1432;AURORA;Artemis
1433;PURIFICATION;Athena
1434;PURIFICATION;Zeus
1435;AURORA;Ares
1436;PURIFICATION;Hades
1437;AGNO;Hera
1438;CONJUNCTION;Hades
1439;PURIFICATION;Zeus
1440;PURIFICATION;Zeus
1441;CHAOS;Artemis
1442;PURIFICATION;Apollo
1443;PURIFICATION;Aphrodite
1444;AURORA;Aphrodite
1445;CHAOS;Demeter
1446;PURIFICATION;Hades
1447;CHAOS;Zeus
1448;CHAOS;Athena
1449;AURORA;Hephaestus
1450;PURIFICATION;Zeus
1451;AURORA;Hera
1452;CHAOS;Hermes
1453;AURORA;Ares
1454;CONJUNCTION;Ares
1455;AURORA;Hera
1456;AURORA;Hephaestus
1457;AURORA;Ares
1458;CHAOS;Hermes
1459;AURORA;Hades
1460;PURIFICATION;Demeter
1461;PURIFICATION;Artemis
1462;CHAOS;Athena
1463;AURORA;Poseidon
1464;AURORA;Hephaestus
1465;PURIFICATION;Hera
1466;AURORA;Zeus
1467;CHAOS;Apollo
1468;PURIFICATION;Zeus
1469;PURIFICATION;Athena
1470;PURIFICATION;Poseidon
1471;CHAOS;Apollo
1472;AURORA;Hera
1473;PURIFICATION;Athena
1474;PURIFICATION;Apollo
1475;PURIFICATION;Aphrodite
1476;CHAOS;Apollo
1477;AURORA;Zeus
1478;CONJUNCTION;Artemis
1479;AURORA;Ares
1480;AURORA;Hermes
1481;PURIFICATION;Artemis
1482;AURORA;Hephaestus
1483;PURIFICATION;Aphrodite
1484;AURORA;Zeus
1485;CHAOS;Apollo
1486;CONJUNCTION;Ares
1487;CHAOS;Hephaestus
1488;AURORA;Athena
1489;PURIFICATION;Poseidon
1490;PURIFICATION;Zeus
1491;CONJUNCTION;Aphrodite
1492;PURIFICATION;Hera
1493;AURORA;Hera
1494;PURIFICATION;Artemis
1495;PURIFICATION;Hephaestus
1496;PURIFICATION;Apollo
1497;CONJUNCTION;Poseidon
1498;CHAOS;Apollo
1499;PURIFICATION;Artemis
1500;REFLECTION;Athena
1501;AURORA;Aphrodite
1502;AURORA;Zeus
1503;CONJUNCTION;Hera
1504;AURORA;Zeus
1505;PURIFICATION;Ares
1506;AURORA;Poseidon
1507;PURIFICATION;Demeter
1508;CHAOS;Aphrodite
1509;AURORA;Hades
1510;CHAOS;Aphrodite
1511;REFLECTION;Poseidon
1512;CHAOS;Hera
1513;CHAOS;Demeter
1514;AURORA;Artemis
1515;CHAOS;Hermes
1516;CHAOS;Athena
1517;CHAOS;Hephaestus
1518;CHAOS;Demeter
1519;PURIFICATION;Hades
1520;PURIFICATION;Poseidon
1521;PURIFICATION;Apollo
1522;PURIFICATION;Demeter
1523;AURORA;Zeus
1524;CHAOS;Apollo
1525;AURORA;Hermes
1526;CONJUNCTION;Apollo
1527;CHAOS;Poseidon
1528;AGNO;Poseidon
1529;CONJUNCTION;Hades
1530;AURORA;Hermes
1531;AURORA;Demeter
1532;PURIFICATION;Demeter
1533;PURIFICATION;Hera
1534;PURIFICATION;Hades
1535;CONJUNCTION;Artemis
1536;CHAOS;Artemis
1537;REFLECTION;Hermes
1538;CONJUNCTION;Hephaestus
1539;CONJUNCTION;Hera
1540;AURORA;Zeus
1541;AURORA;Ares
1542;AURORA;Artemis
1543;CHAOS;Artemis
1544;AURORA;Athena
1545;CHAOS;Poseidon
1546;CONJUNCTION;Zeus
1547;CHAOS;Aphrodite
1548;AURORA;Athena
1549;AURORA;Hermes
1550;AURORA;Hades
1551;REFLECTION;Hermes
1552;CONJUNCTION;Aphrodite
1553;CHAOS;Athena
1554;PURIFICATION;Hermes
1555;PURIFICATION;Hera
1556;CHAOS;Apollo
1557;PURIFICATION;Zeus
1558;CONJUNCTION;Hermes
1559;PURIFICATION;Demeter
1560;AURORA;Artemis
1561;CHAOS;Hades
1562;PURIFICATION;Poseidon
1563;CHAOS;Poseidon
1564;AURORA;Hephaestus
1565;CHAOS;Hera
1566;AURORA;Hades
1567;CHAOS;Hermes
1568;AURORA;Ares
1569;PURIFICATION;Aphrodite
1570;CHAOS;Aphrodite
1571;CONJUNCTION;Hera
1572;PURIFICATION;Hephaestus
1573;AURORA;Artemis
1574;AURORA;Zeus
1575;CHAOS;Hera
1576;AURORA;Hera
1577;AURORA;Aphrodite
1578;PURIFICATION;Hades
1579;AURORA;Ares
1580;PURIFICATION;Apollo
1581;CHAOS;Hades
1582;CHAOS;Artemis
1583;PURIFICATION;Apollo
1584;PURIFICATION;Poseidon
1585;AURORA;Zeus
1586;PURIFICATION;Athena
1587;PURIFICATION;Demeter
1588;CONJUNCTION;Artemis
1589;PURIFICATION;Apollo
1590;PURIFICATION;Artemis
1591;PURIFICATION;Aphrodite
1592;CHAOS;Hades
1593;PURIFICATION;Ares
1594;CONJUNCTION;Ares
1595;AURORA;Hades
1596;AURORA;Hera
1597;CHAOS;Hera
1598;AURORA;Demeter
1599;PURIFICATION;Hephaestus
1600;CHAOS;Demeter
1601;PURIFICATION;Poseidon
1602;PURIFICATION;Hermes
1603;CONJUNCTION;Athena
1604;CHAOS;Aphrodite
1605;PURIFICATION;Demeter
1606;CHAOS;Ares
1607;CHAOS;Hades
1608;CHAOS;Artemis
1609;AURORA;Hephaestus
1610;PURIFICATION;Athena
1611;CHAOS;Hera
1612;CHAOS;Hades
1613;AURORA;Aphrodite
1614;AURORA;Zeus
1615;CHAOS;Hephaestus
1616;CHAOS;Zeus
1617;CONJUNCTION;Aphrodite
1618;AURORA;Ares
1619;CHAOS;Aphrodite
1620;AURORA;Poseidon
1621;AURORA;Artemis
1622;PURIFICATION;Artemis
1623;CHAOS;Apollo
1624;CHAOS;Artemis
1625;AURORA;Hades
1626;CHAOS;Artemis
1627;PURIFICATION;Ares
1628;PURIFICATION;Demeter
1629;CHAOS;Demeter
1630;PURIFICATION;Hephaestus
1631;ASTRAL;Apollo
1632;PURIFICATION;Hephaestus
1633;AURORA;Hera
1634;PURIFICATION;Athena
1635;PURIFICATION;Aphrodite
1636;CHAOS;Artemis
1637;AURORA;Hermes
1638;CHAOS;Artemis
1639;AURORA;Hera
1640;PURIFICATION;Artemis
1641;CHAOS;Ares
1642;CHAOS;Demeter
1643;CHAOS;Athena
1644;CONJUNCTION;Zeus
1645;REFLECTION;Zeus
1646;CHAOS;Hera
1647;CHAOS;Artemis
1648;AURORA;Zeus
1649;PURIFICATION;Apollo
1650;CHAOS;Hermes
1651;PURIFICATION;Aphrodite
1652;PURIFICATION;Hera
1653;AURORA;Demeter
1654;AURORA;Hephaestus
1655;PURIFICATION;Artemis
1656;PURIFICATION;Demeter
1657;PURIFICATION;Hera
1658;PURIFICATION;Hephaestus
1659;PURIFICATION;Hades
1660;PURIFICATION;Hephaestus
1661;PURIFICATION;Artemis
1662;PURIFICATION;Athena
1663;CHAOS;Ares
1664;AURORA;Hera
1665;AURORA;Ares
1666;CHAOS;Athena
1667;PURIFICATION;Hephaestus
1668;AURORA;Hades
1669;PURIFICATION;Artemis
1670;CONJUNCTION;Ares
1671;PURIFICATION;Apollo
1672;CHAOS;Ares
1673;CHAOS;Demeter
1674;PURIFICATION;Artemis
1675;AURORA;Hades
1676;CHAOS;Demeter
1677;AURORA;Hermes
1678;CHAOS;Ares
1679;AURORA;Zeus
1680;CHAOS;Aphrodite
1681;CHAOS;Hades
1682;AURORA;Poseidon
1683;CHAOS;Hephaestus
1684;AURORA;Athena
1685;CHAOS;Athena
1686;CONJUNCTION;Poseidon
1687;AURORA;Demeter
1688;PURIFICATION;Apollo
1689;PURIFICATION;Athena
1690;AURORA;Demeter
1691;CHAOS;Hephaestus
1692;AURORA;Hera
1693;CONJUNCTION;Poseidon
1694;PURIFICATION;Hermes
1695;PURIFICATION;Artemis
1696;AURORA;Apollo
1697;AURORA;Artemis
1698;CHAOS;Athena
1699;CHAOS;Poseidon
1700;PURIFICATION;Apollo
1701;CHAOS;Artemis
1702;CHAOS;Demeter
1703;AURORA;Hera
1704;AURORA;Artemis
1705;CHAOS;Hephaestus
1706;PURIFICATION;Poseidon
1707;AURORA;Hephaestus
1708;CHAOS;Ares
1709;CHAOS;Poseidon
1710;PURIFICATION;Hera
1711;PURIFICATION;Hermes
1712;REFLECTION;Hermes
1713;PURIFICATION;Hera
1714;CHAOS;Hermes
1715;AURORA;Apollo
1716;PURIFICATION;Hermes
1717;AURORA;Zeus
1718;AURORA;Hades
1719;AURORA;Aphrodite
1720;REFLECTION;Hephaestus
1721;CHAOS;Hades
1722;PURIFICATION;Hermes
1723;CHAOS;Demeter
1724;CHAOS;Apollo
1725;PURIFICATION;Zeus
1726;CHAOS;Ares
1727;CHAOS;Demeter
1728;PURIFICATION;Apollo
1729;PURIFICATION;Ares
1730;AURORA;Artemis
1731;AURORA;Aphrodite
1732;PURIFICATION;Zeus
1733;PURIFICATION;Artemis
1734;PURIFICATION;Hermes
1735;AURORA;Athena
1736;CONJUNCTION;Poseidon
1737;PURIFICATION;Hermes
1738;CHAOS;Athena
1739;CHAOS;Hera
1740;PURIFICATION;Athena
1741;CONJUNCTION;Athena
1742;CHAOS;Aphrodite
1743;PURIFICATION;Hades
1744;PURIFICATION;Apollo
1745;PURIFICATION;Zeus
1746;REFLECTION;Poseidon
1747;PURIFICATION;Artemis
1748;CONJUNCTION;Demeter
1749;AURORA;Aphrodite
1750;CHAOS;Athena
1751;PURIFICATION;Hades
1752;PURIFICATION;Artemis
1753;CHAOS;Zeus
1754;CHAOS;Poseidon
1755;CONJUNCTION;Zeus
1756;PURIFICATION;Athena
1757;PURIFICATION;Apollo
1758;PURIFICATION;Athena
1759;CHAOS;Aphrodite
1760;AURORA;Hera
1761;PURIFICATION;Hades
1762;CHAOS;Aphrodite
1763;PURIFICATION;Demeter
1764;AURORA;Artemis
1765;PURIFICATION;Hera
1766;PURIFICATION;Apollo
1767;PURIFICATION;Hades
1768;PURIFICATION;Hades
1769;AURORA;Apollo
1770;CHAOS;Hades
1771;AURORA;Ares
1772;ASTRAL;Ares
1773;PURIFICATION;Athena
1774;PURIFICATION;Hera
1775;AURORA;Aphrodite
1776;CHAOS;Artemis
1777;AURORA;Aphrodite
1778;AURORA;Demeter
1779;PURIFICATION;Hera
1780;CHAOS;Hades
1781;AURORA;Hera
1782;PURIFICATION;Ares
1783;CHAOS;Hermes
1784;AURORA;Apollo
1785;REFLECTION;Hera
1786;PURIFICATION;Demeter
1787;AURORA;Ares
1788;REFLECTION;Hermes
1789;PURIFICATION;Athena
1790;AGNO;Hephaestus
1791;AURORA;Aphrodite
1792;ASTRAL;Hermes
1793;AURORA;Hades
1794;CHAOS;Hermes
1795;REFLECTION;Artemis
1796;AURORA;Ares
1797;PURIFICATION;Hermes
1798;PURIFICATION;Ares
1799;AURORA;Hera
1800;CHAOS;Poseidon
1801;AURORA;Ares
1802;CONJUNCTION;Ares
1803;AURORA;Artemis
1804;CONJUNCTION;Ares
1805;AURORA;Zeus
1806;AURORA;Apollo
1807;CONJUNCTION;Artemis
1808;CHAOS;Apollo
1809;CHAOS;Zeus
1810;PURIFICATION;Demeter
1811;PURIFICATION;Hera
1812;AURORA;Demeter
1813;PURIFICATION;Poseidon
1814;CHAOS;Athena
1815;PURIFICATION;Poseidon
1816;AURORA;Athena
1817;PURIFICATION;Hades
1818;AURORA;Demeter
1819;CHAOS;Artemis
1820;PURIFICATION;Hera
1821;PURIFICATION;Athena
1822;AURORA;Aphrodite
1823;CHAOS;Athena
1824;PURIFICATION;Zeus
1825;PURIFICATION;Athena
1826;CHAOS;Demeter
1827;PURIFICATION;Demeter
1828;AURORA;Apollo
1829;AURORA;Demeter
1830;CONJUNCTION;Hades
1831;CHAOS;Artemis
1832;CONJUNCTION;Demeter
1833;AURORA;Poseidon
1834;CHAOS;Demeter
1835;CONJUNCTION;Demeter
1836;PURIFICATION;Aphrodite
1837;PURIFICATION;Hermes
1838;PURIFICATION;Ares
1839;AURORA;Artemis
1840;AURORA;Hephaestus
1841;CHAOS;Hermes
1842;AURORA;Hades
1843;PURIFICATION;Hephaestus
1844;AURORA;Artemis
1845;CHAOS;Hermes
1846;CONJUNCTION;Hades
1847;PURIFICATION;Hera
1848;CHAOS;Demeter
1849;PURIFICATION;Poseidon
1850;AURORA;Hephaestus
1851;AURORA;Hephaestus
1852;PURIFICATION;Aphrodite
1853;PURIFICATION;Zeus
1854;PURIFICATION;Ares
1855;AURORA;Poseidon
1856;CONJUNCTION;Apollo
1857;PURIFICATION;Poseidon
1858;PURIFICATION;Hermes
1859;CHAOS;Poseidon
1860;AURORA;Demeter
1861;CHAOS;Aphrodite
1862;PURIFICATION;Apollo
1863;CHAOS;Demeter
1864;PURIFICATION;Demeter
1865;PURIFICATION;Poseidon
1866;CHAOS;Hermes
1867;PURIFICATION;Athena
1868;CHAOS;Artemis
1869;PURIFICATION;Demeter
1870;PURIFICATION;Artemis
1871;CHAOS;Demeter
1872;CHAOS;Aphrodite
1873;CHAOS;Aphrodite
1874;CHAOS;Ares
1875;AURORA;Poseidon
1876;AURORA;Apollo
1877;AURORA;Aphrodite
1878;PURIFICATION;Ares
1879;AURORA;Poseidon
1880;CONJUNCTION;Apollo
1881;PURIFICATION;Hephaestus
1882;CHAOS;Demeter
1883;CHAOS;Ares
1884;PURIFICATION;Hermes
1885;AURORA;Zeus
1886;AURORA;Poseidon
1887;CHAOS;Zeus
1888;AURORA;Athena
1889;REFLECTION;Demeter
1890;CHAOS;Athena
1891;PURIFICATION;Ares
1892;CHAOS;Artemis
1893;CHAOS;Demeter
1894;AURORA;Zeus
1895;AURORA;Apollo
1896;CONJUNCTION;Hephaestus
1897;PURIFICATION;Apollo
1898;CHAOS;Artemis
1899;CHAOS;Poseidon
1900;REFLECTION;Hera
1901;CHAOS;Poseidon
1902;AURORA;Ares
1903;PURIFICATION;Hermes
1904;REFLECTION;Artemis
1905;AURORA;Hephaestus
1906;CONJUNCTION;Athena
1907;CONJUNCTION;Athena
1908;PURIFICATION;Aphrodite
1909;PURIFICATION;Zeus
1910;PURIFICATION;Ares
1911;AURORA;Zeus
1912;PURIFICATION;Hades
1913;CHAOS;Hermes
1914;CHAOS;Hermes
1915;PURIFICATION;Zeus
1916;AURORA;Apollo
1917;AURORA;Poseidon
1918;AURORA;Artemis
1919;CHAOS;Hermes
1920;PURIFICATION;Athena
1921;PURIFICATION;Demeter
1922;PURIFICATION;Hera
1923;CONJUNCTION;Poseidon
1924;AURORA;Apollo
1925;AURORA;Demeter
1926;PURIFICATION;Zeus
1927;CHAOS;Hera
1928;AURORA;Ares
1929;AURORA;Hephaestus
1930;REFLECTION;Apollo
1931;AGNO;Demeter
1932;PURIFICATION;Hephaestus
1933;CHAOS;Hades
1934;CONJUNCTION;Ares
1935;AURORA;Aphrodite
1936;AURORA;Poseidon
1937;AURORA;Athena
1938;CHAOS;Apollo
1939;AURORA;Apollo
1940;PURIFICATION;Hades
1941;CHAOS;Zeus
1942;AURORA;Apollo
1943;CONJUNCTION;Ares
1944;CHAOS;Athena
1945;AURORA;Ares
1946;CONJUNCTION;Poseidon
1947;AURORA;Hermes
1948;AURORA;Zeus
1949;CONJUNCTION;Apollo
1950;PURIFICATION;Hephaestus
1951;PURIFICATION;Hera
1952;AURORA;Demeter
1953;CHAOS;Artemis
1954;AURORA;Artemis
1955;CHAOS;Hephaestus
1956;AURORA;Aphrodite
1957;AURORA;Hera
1958;PURIFICATION;Athena
1959;CHAOS;Zeus
1960;CHAOS;Zeus
1961;CHAOS;Apollo
1962;AURORA;Artemis
1963;PURIFICATION;Hermes
1964;AURORA;Hermes
1965;PURIFICATION;Hermes
1966;CHAOS;Poseidon
1967;PURIFICATION;Apollo
1968;AURORA;Hera
1969;CHAOS;Apollo
1970;CONJUNCTION;Hades
1971;CONJUNCTION;Demeter
1972;CONJUNCTION;Athena
1973;CHAOS;Apollo
1974;PURIFICATION;Artemis
1975;PURIFICATION;Ares
1976;PURIFICATION;Athena
1977;AURORA;Zeus
1978;PURIFICATION;Hera
1979;AURORA;Zeus
1980;CHAOS;Apollo
1981;AURORA;Aphrodite
1982;AURORA;Hermes
1983;REFLECTION;Demeter
1984;CHAOS;Ares
1985;AURORA;Demeter
1986;PURIFICATION;Artemis
1987;CHAOS;Ares
1988;AURORA;Poseidon
1989;CHAOS;Ares
1990;CONJUNCTION;Artemis
1991;PURIFICATION;Artemis
1992;AURORA;Demeter
1993;PURIFICATION;Hera
1994;CONJUNCTION;Artemis
1995;PURIFICATION;Hades
1996;PURIFICATION;Demeter
1997;CHAOS;Ares
1998;PURIFICATION;Hera
1999;AURORA;Hera
