id;trait;name;quest_bonus
0;PURIFICATION;Coral Artemis' Bow;10
1;AURORA;Mythic Ares' Spear;23
2;CHAOS;Golden Athena's Spear;20
3;AURORA;Mercuris Poseidon's Trident;22
4;AURORA;Adamantine Demeter's Scythe;23
5;CHAOS;Amethyst Athena's Spear;17
6;AURORA;Coral Hermes' Wings;25
7;REFLECTION;Atlantis Apollo's Lyre;31
8;PURIFICATION;Mythic Hades' Bident;10
9;PURIFICATION;Amethyst Demeter's Scythe;10
10;CHAOS;Skybound Hephaestus' Hammer;17
11;PURIFICATION;Mercuris Hephaestus' Hammer;10
12;CONJUNCTION;Atlantis Athena's Spear;29
13;PURIFICATION;Emerald Athena's Spear;10
14;CHAOS;Transcendent Hera's Staff;20
15;CHAOS;Amethyst Ares' Sword;17
16;AGNO;Skybound Artemis' Bow;48
17;CHAOS;Transcendent Apollo's Lyre;17
18;CHAOS;Transcendent Ares' Spear;19
19;CHAOS;Toxic Artemis' Quiver;17
20;AURORA;Transcendent The Aegis;25
21;AURORA;Amethyst Demeter's Scythe;24
22;PURIFICATION;Emerald Athena's Spear;11
23;AURORA;Transcendent Artemis' Quiver;23
24;PURIFICATION;Mythic Apollo's Lyre;15
25;AURORA;Agno Athena's Spear;24
26;PURIFICATION;Skybound The Aegis;11
27;AURORA;Coral Hera's Staff;21
28;PURIFICATION;Golden The Aegis;11
29;PURIFICATION;Emerald Apollo's Lyre;12
30;AURORA;Adamantine Poseidon's Trident;21
31;AURORA;Golden Hermes' Wings;25
32;PURIFICATION;Skybound Artemis' Quiver;11
33;PURIFICATION;Emerald Demeter's Scythe;14
34;REFLECTION;Golden Apollo's Lyre;33
35;CHAOS;Mythic The Aegis;18
36;AURORA;Golden Zeus' Thunderbolt;23
37;AURORA;Coral Ares' Sword;21
38;CHAOS;Golden Athena's Spear;19
39;PURIFICATION;Coral Poseidon's Trident;14
40;CHAOS;Emerald Artemis' Bow;19
41;AURORA;Emerald Artemis' Quiver;23
42;CONJUNCTION;Coral Artemis' Bow;27
43;CHAOS;Mercuris Hephaestus' Hammer;17
44;CONJUNCTION;Skybound The Aegis;26
45;CONJUNCTION;Atlantis Artemis' Bow;28
46;AURORA;Golden Apollo's Lyre;22
47;ASTRAL;Coral Athena's Spear;37
48;PURIFICATION;Adamantine Artemis' Bow;12
49;CHAOS;Coral Apollo's Lyre;17
50;PURIFICATION;Toxic Artemis' Bow;10
51;AURORA;Mythic Apollo's Lyre;21
52;AURORA;Emerald Hera's Staff;25
53;CHAOS;Adamantine Ares' Sword;17
54;PURIFICATION;Skybound Hephaestus' Hammer;14
55;CHAOS;Amethyst The Aegis;20
56;CHAOS;Coral Demeter's Scythe;18
57;AURORA;Adamantine Athena's Spear;21
58;CHAOS;Amethyst Hades' Bident;18
59;CONJUNCTION;Golden Hephaestus' Hammer;30
60;PURIFICATION;Coral Ares' Spear;11
61;CONJUNCTION;Atlantis Ares' Spear;28
62;CHAOS;Skybound Ares' Spear;17
63;CONJUNCTION;Golden Demeter's Scythe;30
64;AURORA;Skybound Athena's Spear;25
65;PURIFICATION;Amethyst Apollo's Lyre;11
66;CHAOS;Mythic Hades' Bident;20
67;CHAOS;Adamantine Poseidon's Trident;19
68;AURORA;Skybound Demeter's Scythe;21
69;CHAOS;Amethyst Zeus' Thunderbolt;17
70;CONJUNCTION;Coral Hermes' Wings;26
71;CHAOS;Golden Athena's Spear;20
72;PURIFICATION;Amethyst Hera's Staff;11
73;CHAOS;Adamantine Hephaestus' Hammer;18
74;PURIFICATION;Emerald Hephaestus' Hammer;11
75;PURIFICATION;Skybound Ares' Spear;14
76;AURORA;Atlantis Artemis' Bow;22
77;AURORA;Mercuris Hephaestus' Hammer;25
78;PURIFICATION;Adamantine Artemis' Bow;10
79;AURORA;Atlantis Artemis' Bow;22
80;AURORA;Skybound Demeter's Scythe;24
81;CHAOS;Golden Hermes' Wings;17
82;ASTRAL;Coral Hera's Staff;40
83;AURORA;Skybound Zeus' Thunderbolt;25
84;PURIFICATION;Toxic Hermes' Wings;14
85;REFLECTION;Skybound Hephaestus' Hammer;32
86;CONJUNCTION;Skybound Artemis' Quiver;28
87;CONJUNCTION;Mythic The Aegis;27
88;CHAOS;Mercuris Athena's Spear;17
89;CHAOS;Golden Athena's Spear;17
90;AURORA;Transcendent Zeus' Thunderbolt;22
91;CHAOS;Golden Ares' Sword;18
92;PURIFICATION;Transcendent Zeus' Thunderbolt;14
93;CONJUNCTION;Coral Artemis' Quiver;29
94;PURIFICATION;Skybound Hephaestus' Hammer;10
95;AURORA;Mythic Athena's Spear;23
96;CHAOS;Skybound Zeus' Thunderbolt;18
97;AURORA;Golden Zeus' Thunderbolt;25
98;AURORA;Golden Demeter's Scythe;22
99;CHAOS;Emerald Athena's Spear;20
100;AURORA;Skybound Zeus' Thunderbolt;21
101;AGNO;Amethyst Artemis' Quiver;45
102;PURIFICATION;Golden Demeter's Scythe;15
103;AURORA;Amethyst Ares' Spear;25
104;CHAOS;Skybound Zeus' Thunderbolt;17
105;CHAOS;Amethyst Athena's Spear;17
106;CONJUNCTION;Skybound Hades' Bident;27
107;CONJUNCTION;Emerald Hades' Bident;27
108;CHAOS;Adamantine Hera's Staff;17
109;CHAOS;Adamantine Artemis' Quiver;17
110;PURIFICATION;Mercuris Demeter's Scythe;12
111;CHAOS;Amethyst Zeus' Thunderbolt;17
112;CHAOS;Agno Artemis' Quiver;20
113;AURORA;Emerald Hera's Staff;21
114;CHAOS;Atlantis Hephaestus' Hammer;20
115;PURIFICATION;Adamantine Hades' Bident;13
116;CHAOS;Transcendent Ares' Sword;19
117;CHAOS;Mythic Ares' Spear;19
118;PURIFICATION;Emerald Zeus' Thunderbolt;13
119;CHAOS;Coral Zeus' Thunderbolt;19
120;REFLECTION;Golden Hera's Staff;34
121;CHAOS;Amethyst Hades' Bident;17
122;AURORA;Emerald The Aegis;21
123;PURIFICATION;Adamantine Ares' Sword;11
124;CONJUNCTION;Agno Ares' Sword;29
125;PURIFICATION;Mythic Demeter's Scythe;13
126;PURIFICATION;Adamantine Hephaestus' Hammer;12
127;AURORA;Toxic Hephaestus' Hammer;21
128;AURORA;Adamantine The Aegis;22
129;CHAOS;Coral Athena's Spear;17
130;PURIFICATION;Coral Demeter's Scythe;14
131;AURORA;Amethyst Apollo's Lyre;24
132;CHAOS;Amethyst Poseidon's Trident;19
133;PURIFICATION;Atlantis Poseidon's Trident;15
134;PURIFICATION;Mythic Hephaestus' Hammer;12
135;PURIFICATION;Golden The Aegis;10
136;PURIFICATION;Mercuris Hera's Staff;12
137;PURIFICATION;Coral The Aegis;10
138;AURORA;Coral Athena's Spear;22
139;PURIFICATION;Golden Ares' Spear;11
140;CHAOS;Golden The Aegis;19
141;CHAOS;Amethyst Hermes' Wings;17
142;CONJUNCTION;Skybound Hera's Staff;29
143;AURORA;Mythic Hera's Staff;23
144;AURORA;Emerald Hades' Bident;24
145;PURIFICATION;Amethyst Ares' Spear;11
146;CONJUNCTION;Golden Ares' Sword;26
147;CONJUNCTION;Adamantine Hermes' Wings;30
148;CHAOS;Transcendent Athena's Spear;20
149;CHAOS;Mythic Hades' Bident;18
150;PURIFICATION;Amethyst Hermes' Wings;15
151;PURIFICATION;Adamantine Ares' Spear;16
152;AURORA;Emerald Athena's Spear;22
153;ASTRAL;Mythic Artemis' Bow;38
154;CHAOS;Adamantine Artemis' Quiver;19
155;CHAOS;Adamantine Hades' Bident;18
156;CHAOS;Emerald The Aegis;20
157;CONJUNCTION;Golden Hera's Staff;29
158;CHAOS;Golden Apollo's Lyre;20
159;PURIFICATION;Agno Hera's Staff;15
160;PURIFICATION;Amethyst Zeus' Thunderbolt;13
161;CHAOS;Mercuris Artemis' Quiver;18
162;CHAOS;Adamantine Demeter's Scythe;19
163;CHAOS;Emerald Hermes' Wings;19
164;AURORA;Emerald Ares' Sword;23
165;PURIFICATION;Golden Zeus' Thunderbolt;16
166;CONJUNCTION;Coral Apollo's Lyre;28
167;AURORA;Amethyst Hades' Bident;24
168;PURIFICATION;Adamantine Demeter's Scythe;15
169;PURIFICATION;Transcendent Artemis' Bow;13
170;CHAOS;Atlantis Apollo's Lyre;19
171;AURORA;Golden Hera's Staff;24
172;PURIFICATION;Coral Ares' Sword;11
173;AURORA;Emerald Demeter's Scythe;25
174;PURIFICATION;Adamantine Hades' Bident;10
175;CHAOS;Mythic Poseidon's Trident;17
176;CHAOS;Emerald Artemis' Quiver;17
177;PURIFICATION;Amethyst Artemis' Quiver;12
178;CONJUNCTION;Amethyst Hades' Bident;28
179;CHAOS;Atlantis The Aegis;17
180;CHAOS;Coral Hera's Staff;20
181;CHAOS;Coral Poseidon's Trident;19
182;CHAOS;Atlantis Hera's Staff;19
183;PURIFICATION;Adamantine Hephaestus' Hammer;13
184;CHAOS;Coral Zeus' Thunderbolt;20
185;CHAOS;Golden Artemis' Bow;17
186;PURIFICATION;Toxic Demeter's Scythe;15
187;CHAOS;Amethyst Zeus' Thunderbolt;19
188;CHAOS;Adamantine Athena's Spear;18
189;PURIFICATION;Coral Demeter's Scythe;14
190;AURORA;Emerald Athena's Spear;25
191;AURORA;Mercuris Athena's Spear;22
192;AURORA;Skybound Zeus' Thunderbolt;25
193;AURORA;Coral Ares' Spear;21
194;CONJUNCTION;Toxic Zeus' Thunderbolt;30
195;CHAOS;Skybound Zeus' Thunderbolt;19
196;REFLECTION;Skybound Zeus' Thunderbolt;33
197;AURORA;Agno Poseidon's Trident;21
198;AURORA;Toxic Zeus' Thunderbolt;25
199;PURIFICATION;Emerald Poseidon's Trident;16
200;PURIFICATION;Mythic Zeus' Thunderbolt;14
201;PURIFICATION;Amethyst Zeus' Thunderbolt;16
202;AURORA;Toxic Hermes' Wings;25
203;AURORA;Transcendent Poseidon's Trident;25
204;PURIFICATION;Skybound Ares' Sword;14
205;CHAOS;Skybound Hermes' Wings;17
206;CHAOS;Skybound Artemis' Bow;17
207;PURIFICATION;Amethyst Ares' Spear;11
208;AURORA;Skybound Poseidon's Trident;21
209;CHAOS;Adamantine Athena's Spear;17
210;PURIFICATION;Mercuris Artemis' Quiver;12
211;PURIFICATION;Toxic Zeus' Thunderbolt;15
212;CONJUNCTION;Mythic Ares' Sword;29
213;PURIFICATION;Adamantine Hades' Bident;16
214;CHAOS;Emerald Hera's Staff;20
215;AURORA;Emerald Hermes' Wings;22
216;PURIFICATION;Mythic Hermes' Wings;11
217;PURIFICATION;Skybound The Aegis;10
218;CHAOS;Adamantine Hera's Staff;20
219;AURORA;Skybound Artemis' Quiver;24
220;PURIFICATION;Atlantis Demeter's Scythe;10
221;CHAOS;Adamantine The Aegis;17
222;ASTRAL;Coral Zeus' Thunderbolt;41
223;CHAOS;Toxic Poseidon's Trident;20
224;CHAOS;Adamantine Artemis' Bow;17
225;CHAOS;Mercuris Poseidon's Trident;20
226;AURORA;Atlantis Zeus' Thunderbolt;21
227;CHAOS;Adamantine Ares' Sword;19
228;PURIFICATION;Adamantine Artemis' Quiver;16
229;AURORA;Coral Hera's Staff;24
230;PURIFICATION;Skybound Demeter's Scythe;15
231;PURIFICATION;Mercuris Artemis' Bow;13
232;CHAOS;Golden Hades' Bident;20
233;AURORA;Emerald Ares' Spear;25
234;CHAOS;Atlantis Hades' Bident;19
235;CONJUNCTION;Skybound Apollo's Lyre;28
236;PURIFICATION;Golden Demeter's Scythe;13
237;REFLECTION;Atlantis Artemis' Bow;31
238;CHAOS;Golden Zeus' Thunderbolt;17
239;CHAOS;Emerald Hephaestus' Hammer;18
240;CHAOS;Golden Zeus' Thunderbolt;19
241;AURORA;Emerald Hera's Staff;21
242;CONJUNCTION;Emerald Hermes' Wings;26
243;PURIFICATION;Amethyst Zeus' Thunderbolt;11
244;AURORA;Transcendent Athena's Spear;22
245;CHAOS;Golden Demeter's Scythe;19
246;CHAOS;Mercuris Hermes' Wings;18
247;AURORA;Golden Hermes' Wings;24
248;CONJUNCTION;Skybound Artemis' Quiver;28
249;PURIFICATION;Golden The Aegis;15
250;AURORA;Coral Demeter's Scythe;24
251;PURIFICATION;Adamantine Hephaestus' Hammer;14
252;AURORA;Mythic Poseidon's Trident;21
253;CHAOS;Coral Apollo's Lyre;19
254;PURIFICATION;Mercuris Artemis' Quiver;15
255;CHAOS;Amethyst Hephaestus' Hammer;19
256;AURORA;Coral Hermes' Wings;22
257;AURORA;Adamantine Poseidon's Trident;23
258;CHAOS;Emerald The Aegis;18
259;CHAOS;Skybound Artemis' Bow;17
260;PURIFICATION;Skybound Hephaestus' Hammer;14
261;ASTRAL;Emerald Artemis' Bow;36
262;PURIFICATION;Atlantis Artemis' Quiver;11
263;PURIFICATION;Coral Hephaestus' Hammer;12
264;AURORA;Atlantis Hera's Staff;25
265;PURIFICATION;Mythic The Aegis;12
266;CHAOS;Coral Hera's Staff;17
267;CHAOS;Toxic The Aegis;17
268;PURIFICATION;Toxic Athena's Spear;16
269;CHAOS;Atlantis Hermes' Wings;19
270;CHAOS;Agno Hermes' Wings;18
271;CHAOS;Adamantine Hades' Bident;20
272;CHAOS;Amethyst Artemis' Bow;20
273;CHAOS;Emerald Hephaestus' Hammer;20
274;CHAOS;Mercuris Hermes' Wings;18
275;AURORA;Toxic Zeus' Thunderbolt;24
276;CHAOS;Skybound Artemis' Quiver;17
277;AURORA;Coral Hera's Staff;22
278;CHAOS;Coral The Aegis;20
279;ASTRAL;Emerald Apollo's Lyre;39
280;AURORA;Golden Athena's Spear;22
281;PURIFICATION;Golden Ares' Spear;10
282;CHAOS;Mythic Ares' Spear;20
283;CHAOS;Coral Hera's Staff;17
284;AURORA;Golden Artemis' Bow;25
285;PURIFICATION;Coral Artemis' Quiver;11
286;PURIFICATION;Transcendent Hades' Bident;10
287;PURIFICATION;Amethyst Zeus' Thunderbolt;14
288;PURIFICATION;Agno Ares' Sword;11
289;PURIFICATION;Adamantine Hermes' Wings;13
290;CHAOS;Skybound Artemis' Bow;20
291;CONJUNCTION;Skybound Poseidon's Trident;29
292;PURIFICATION;Golden Artemis' Bow;15
293;CHAOS;Coral Apollo's Lyre;19
294;CHAOS;Golden Apollo's Lyre;17
295;PURIFICATION;Toxic Ares' Spear;10
296;PURIFICATION;Mercuris Hermes' Wings;14
297;CHAOS;Golden Poseidon's Trident;17
298;CONJUNCTION;Amethyst Hephaestus' Hammer;28
299;PURIFICATION;Atlantis Apollo's Lyre;15
300;CONJUNCTION;Coral Artemis' Quiver;27
301;AURORA;Skybound Artemis' Bow;23
302;PURIFICATION;Mercuris Ares' Spear;14
303;CHAOS;Atlantis Athena's Spear;18
304;PURIFICATION;Agno Artemis' Bow;16
305;PURIFICATION;Amethyst Artemis' Bow;15
306;PURIFICATION;Mercuris Apollo's Lyre;12
307;CHAOS;Transcendent Athena's Spear;17
308;PURIFICATION;Transcendent Demeter's Scythe;11
309;AURORA;Mythic Artemis' Bow;25
310;CONJUNCTION;Mythic Ares' Spear;27
311;AURORA;Adamantine The Aegis;23
312;PURIFICATION;Transcendent Hera's Staff;10
313;ASTRAL;Amethyst Zeus' Thunderbolt;38
314;PURIFICATION;Amethyst Athena's Spear;15
315;PURIFICATION;Mercuris Hermes' Wings;16
316;CHAOS;Agno Artemis' Quiver;19
317;AURORA;Atlantis Hera's Staff;24
318;AURORA;Skybound Hephaestus' Hammer;25
319;CHAOS;Amethyst Ares' Spear;20
320;AURORA;Atlantis Athena's Spear;25
321;PURIFICATION;Transcendent Hermes' Wings;15
322;PURIFICATION;Mythic Ares' Spear;15
323;CONJUNCTION;Adamantine Hera's Staff;30
324;AURORA;Mercuris Apollo's Lyre;23
325;REFLECTION;Adamantine Ares' Spear;34
326;PURIFICATION;Golden Demeter's Scythe;14
327;PURIFICATION;Skybound Demeter's Scythe;11
328;PURIFICATION;Golden Hades' Bident;12
329;CHAOS;Skybound Hera's Staff;20
330;CHAOS;Skybound Artemis' Quiver;17
331;AURORA;Adamantine Artemis' Quiver;25
332;PURIFICATION;Emerald Poseidon's Trident;15
333;CHAOS;Adamantine Hermes' Wings;18
334;PURIFICATION;Skybound Athena's Spear;14
335;AURORA;Coral Hades' Bident;21
336;CHAOS;Skybound Apollo's Lyre;17
337;CHAOS;Transcendent Ares' Spear;19
338;AURORA;Toxic Apollo's Lyre;25
339;CHAOS;Adamantine Hermes' Wings;20
340;CHAOS;Adamantine Demeter's Scythe;19
341;PURIFICATION;Toxic Apollo's Lyre;11
342;PURIFICATION;Agno Poseidon's Trident;13
343;CONJUNCTION;Amethyst Hades' Bident;27
344;AURORA;Adamantine Hera's Staff;21
345;PURIFICATION;Golden The Aegis;16
346;PURIFICATION;Transcendent Demeter's Scythe;10
347;AURORA;Mythic Zeus' Thunderbolt;21
348;CHAOS;Coral Hades' Bident;19
349;CHAOS;Skybound Poseidon's Trident;17
350;CHAOS;Emerald Artemis' Quiver;20
351;PURIFICATION;Atlantis Ares' Spear;15
352;PURIFICATION;Amethyst Hades' Bident;16
353;AURORA;Skybound Hephaestus' Hammer;24
354;PURIFICATION;Golden Ares' Sword;12
355;PURIFICATION;Mythic Artemis' Quiver;14
356;PURIFICATION;Mythic Poseidon's Trident;11
357;CHAOS;Amethyst Demeter's Scythe;17
358;AURORA;Mythic Ares' Spear;21
359;CONJUNCTION;Mythic Poseidon's Trident;26
360;AURORA;Amethyst Artemis' Bow;25
361;AURORA;Emerald Artemis' Bow;24
362;PURIFICATION;Mythic Hera's Staff;12
363;AURORA;Golden Artemis' Bow;22
364;PURIFICATION;Skybound Hera's Staff;11
365;PURIFICATION;Skybound Hera's Staff;16
366;CHAOS;Emerald Zeus' Thunderbolt;17
367;PURIFICATION;Mercuris Hephaestus' Hammer;10
368;CONJUNCTION;Adamantine Demeter's Scythe;30
369;CHAOS;Coral Hades' Bident;17
370;CHAOS;Skybound Apollo's Lyre;20
371;AURORA;Golden Ares' Sword;23
372;CHAOS;Adamantine Apollo's Lyre;17
373;PURIFICATION;Skybound Zeus' Thunderbolt;14
374;PURIFICATION;Golden Ares' Sword;12
375;PURIFICATION;Golden Demeter's Scythe;12
376;PURIFICATION;Amethyst Hermes' Wings;11
377;PURIFICATION;Atlantis Zeus' Thunderbolt;15
378;CHAOS;Adamantine Hephaestus' Hammer;18
379;PURIFICATION;Emerald Artemis' Quiver;14
380;CONJUNCTION;Adamantine Artemis' Quiver;28
381;CHAOS;Emerald Poseidon's Trident;18
382;CONJUNCTION;Golden Hermes' Wings;28
383;AURORA;Amethyst Zeus' Thunderbolt;24
384;AURORA;Adamantine Athena's Spear;21
385;CHAOS;Skybound Artemis' Quiver;18
386;PURIFICATION;Mercuris Artemis' Bow;16
387;AURORA;Amethyst Hades' Bident;24
388;CHAOS;Skybound Demeter's Scythe;19
389;CONJUNCTION;Atlantis Ares' Sword;30
390;CHAOS;Atlantis Athena's Spear;18
391;CHAOS;Amethyst Zeus' Thunderbolt;20
392;PURIFICATION;Golden Hades' Bident;11
393;AURORA;Emerald Hera's Staff;25
394;PURIFICATION;Toxic Artemis' Bow;13
395;CONJUNCTION;Golden Ares' Spear;27
396;PURIFICATION;Skybound Hades' Bident;10
397;CONJUNCTION;Toxic Apollo's Lyre;26
398;AURORA;Coral Athena's Spear;22
399;CHAOS;Adamantine Athena's Spear;20
400;AURORA;Golden Ares' Spear;23
401;PURIFICATION;Coral Athena's Spear;11
402;AURORA;Mythic Poseidon's Trident;23
403;PURIFICATION;Agno Hera's Staff;12
404;PURIFICATION;Golden Athena's Spear;10
405;AURORA;Mythic The Aegis;25
406;CONJUNCTION;Emerald Hera's Staff;26
407;CONJUNCTION;Skybound Apollo's Lyre;30
408;PURIFICATION;Amethyst Hades' Bident;10
409;CONJUNCTION;Mercuris Zeus' Thunderbolt;26
410;PURIFICATION;Coral Hades' Bident;16
411;AURORA;Golden Hera's Staff;23
412;PURIFICATION;Coral Hera's Staff;15
413;CONJUNCTION;Skybound Artemis' Quiver;27
414;PURIFICATION;Coral Hades' Bident;14
415;PURIFICATION;Atlantis Artemis' Quiver;10
416;PURIFICATION;Transcendent Athena's Spear;13
417;PURIFICATION;Golden Poseidon's Trident;10
418;CONJUNCTION;Coral Ares' Sword;29
419;ASTRAL;Amethyst Demeter's Scythe;40
420;PURIFICATION;Atlantis Ares' Spear;13
421;PURIFICATION;Adamantine Athena's Spear;13
422;AURORA;Atlantis Hera's Staff;22
423;PURIFICATION;Skybound Apollo's Lyre;16
424;AURORA;Atlantis Ares' Sword;25
425;PURIFICATION;Coral Zeus' Thunderbolt;12
426;CHAOS;Skybound Ares' Sword;18
427;AURORA;Adamantine Ares' Sword;22
428;CHAOS;Amethyst Artemis' Bow;19
429;AURORA;Amethyst Demeter's Scythe;25
430;AURORA;Coral Hephaestus' Hammer;25
431;CONJUNCTION;Coral Demeter's Scythe;29
432;AURORA;Adamantine Athena's Spear;25
433;CHAOS;Coral Artemis' Quiver;20
434;CHAOS;Emerald Zeus' Thunderbolt;18
435;AURORA;Emerald The Aegis;24
436;PURIFICATION;Adamantine Demeter's Scythe;15
437;CONJUNCTION;Skybound Artemis' Bow;30
438;PURIFICATION;Amethyst Zeus' Thunderbolt;10
439;CHAOS;Skybound Poseidon's Trident;18
440;AURORA;Coral The Aegis;23
441;PURIFICATION;Golden Zeus' Thunderbolt;10
442;CHAOS;Skybound The Aegis;20
443;PURIFICATION;Skybound Hera's Staff;10
444;AURORA;Transcendent Hades' Bident;24
445;PURIFICATION;Golden Athena's Spear;13
446;PURIFICATION;Mythic Ares' Spear;12
447;AURORA;Mythic Hermes' Wings;25
448;CONJUNCTION;Emerald Artemis' Bow;26
449;PURIFICATION;Mythic Ares' Spear;11
450;CONJUNCTION;Golden Artemis' Quiver;30
451;AURORA;Golden Apollo's Lyre;22
452;CHAOS;Toxic Hermes' Wings;19
453;CONJUNCTION;Atlantis Apollo's Lyre;30
454;AURORA;Agno Artemis' Quiver;25
455;CONJUNCTION;Adamantine Ares' Spear;30
456;CHAOS;Coral Ares' Spear;17
457;PURIFICATION;Mercuris Athena's Spear;11
458;AURORA;Golden Apollo's Lyre;23
459;PURIFICATION;Mercuris Artemis' Bow;14
460;PURIFICATION;Mercuris Hermes' Wings;14
461;CHAOS;Atlantis Zeus' Thunderbolt;20
462;CHAOS;Toxic Demeter's Scythe;17
463;CHAOS;Skybound The Aegis;18
464;CONJUNCTION;Coral Hera's Staff;27
465;CHAOS;Transcendent Hera's Staff;20
466;AURORA;Atlantis Poseidon's Trident;25
467;CHAOS;Coral Artemis' Quiver;20
468;CHAOS;Coral Hermes' Wings;20
469;CHAOS;Adamantine Artemis' Quiver;18
470;CONJUNCTION;Golden Hades' Bident;26
471;CONJUNCTION;Golden Apollo's Lyre;28
472;AURORA;Transcendent Poseidon's Trident;25
473;PURIFICATION;Coral Hermes' Wings;11
474;PURIFICATION;Mercuris Poseidon's Trident;14
475;PURIFICATION;Mythic Hera's Staff;11
476;PURIFICATION;Coral Hephaestus' Hammer;10
477;CHAOS;Transcendent Artemis' Quiver;20
478;CHAOS;Golden Ares' Spear;19
479;REFLECTION;Transcendent Hephaestus' Hammer;35
480;AURORA;Coral Ares' Spear;25
481;AURORA;Amethyst Hermes' Wings;25
482;CONJUNCTION;Coral The Aegis;27
483;CHAOS;Skybound Hephaestus' Hammer;17
484;PURIFICATION;Coral Ares' Sword;13
485;REFLECTION;Coral Hades' Bident;33
486;CHAOS;Adamantine Athena's Spear;20
487;CHAOS;Atlantis Artemis' Quiver;19
488;AURORA;Golden Hera's Staff;21
489;AURORA;Toxic The Aegis;25
490;AURORA;Emerald Ares' Sword;23
491;AURORA;Emerald Apollo's Lyre;25
492;CHAOS;Mercuris Apollo's Lyre;17
493;CHAOS;Golden Hephaestus' Hammer;17
494;CHAOS;Coral Ares' Spear;19
495;AURORA;Golden The Aegis;21
496;REFLECTION;Emerald Hephaestus' Hammer;33
497;CHAOS;Transcendent Hermes' Wings;19
498;CHAOS;Adamantine Zeus' Thunderbolt;20
499;AURORA;Agno Hephaestus' Hammer;25
500;PURIFICATION;Coral Ares' Sword;13
501;PURIFICATION;Amethyst Artemis' Quiver;11
502;CHAOS;Agno Hera's Staff;18
503;AURORA;Golden Poseidon's Trident;23
504;CHAOS;Golden Ares' Spear;17
505;AURORA;Skybound Ares' Spear;22
506;PURIFICATION;Toxic Hades' Bident;12
507;CONJUNCTION;Golden The Aegis;28
508;PURIFICATION;Emerald Athena's Spear;15
509;PURIFICATION;Adamantine Hera's Staff;16
510;AURORA;Golden The Aegis;21
511;AURORA;Skybound Poseidon's Trident;23
512;AURORA;Golden Artemis' Quiver;25
513;CHAOS;Skybound Artemis' Quiver;18
514;CHAOS;Golden Ares' Sword;20
515;AURORA;Coral Ares' Sword;24
516;AURORA;Golden Apollo's Lyre;21
517;CHAOS;Mythic The Aegis;19
518;CHAOS;Skybound Zeus' Thunderbolt;18
519;CHAOS;Adamantine Hera's Staff;17
520;AURORA;Amethyst Hermes' Wings;24
521;PURIFICATION;Mythic Hermes' Wings;13
522;PURIFICATION;Skybound Athena's Spear;11
523;AURORA;Mercuris Artemis' Bow;24
524;CHAOS;Mercuris Artemis' Bow;20
525;CHAOS;Mythic Zeus' Thunderbolt;20
526;PURIFICATION;Adamantine Ares' Spear;13
527;AURORA;Adamantine Hephaestus' Hammer;25
528;PURIFICATION;Adamantine Ares' Spear;14
529;AURORA;Adamantine Hades' Bident;22
530;CHAOS;Amethyst Artemis' Quiver;20
531;CHAOS;Adamantine Hephaestus' Hammer;20
532;PURIFICATION;Amethyst Demeter's Scythe;13
533;AURORA;Amethyst Poseidon's Trident;22
534;CHAOS;Transcendent Artemis' Quiver;17
535;CHAOS;Coral Artemis' Bow;20
536;CHAOS;Golden Hermes' Wings;19
537;PURIFICATION;Golden Apollo's Lyre;11
538;PURIFICATION;Skybound Hephaestus' Hammer;10
539;CHAOS;Mercuris Apollo's Lyre;17
540;CONJUNCTION;Adamantine Hades' Bident;28
541;REFLECTION;Mercuris Artemis' Bow;31
542;CHAOS;Amethyst Ares' Sword;20
543;PURIFICATION;Mythic Athena's Spear;16
544;AURORA;Toxic The Aegis;23
545;PURIFICATION;Atlantis Zeus' Thunderbolt;13
546;PURIFICATION;Adamantine Demeter's Scythe;16
547;CONJUNCTION;Emerald Artemis' Quiver;28
548;PURIFICATION;Toxic Hera's Staff;11
549;PURIFICATION;Toxic Apollo's Lyre;13
550;PURIFICATION;Skybound Artemis' Quiver;16
551;AURORA;Amethyst Hera's Staff;23
552;CHAOS;Agno Artemis' Quiver;17
553;PURIFICATION;Amethyst Hera's Staff;16
554;CONJUNCTION;Atlantis Hephaestus' Hammer;27
555;CONJUNCTION;Golden The Aegis;26
556;PURIFICATION;Transcendent Ares' Spear;11
557;AURORA;Skybound Ares' Spear;25
558;CHAOS;Golden Apollo's Lyre;20
559;AURORA;Amethyst Hermes' Wings;23
560;PURIFICATION;Emerald Ares' Sword;10
561;CONJUNCTION;Atlantis Ares' Sword;27
562;AURORA;Toxic Apollo's Lyre;22
563;PURIFICATION;Mercuris Artemis' Quiver;12
564;PURIFICATION;Adamantine Ares' Sword;13
565;PURIFICATION;Mythic Hera's Staff;11
566;AURORA;Mythic Demeter's Scythe;23
567;AURORA;Emerald Ares' Sword;21
568;PURIFICATION;Emerald Artemis' Quiver;11
569;PURIFICATION;Adamantine Hermes' Wings;14
570;CHAOS;Atlantis Artemis' Bow;20
571;CHAOS;Amethyst Hephaestus' Hammer;18
572;CHAOS;Mythic Ares' Sword;20
573;AURORA;Skybound Apollo's Lyre;23
574;CHAOS;Skybound Ares' Spear;19
575;CHAOS;Mythic Hermes' Wings;20
576;AURORA;Coral Hades' Bident;23
577;AURORA;Agno Zeus' Thunderbolt;22
578;PURIFICATION;Mythic Ares' Spear;14
579;AURORA;Atlantis Athena's Spear;23
580;CHAOS;Transcendent Demeter's Scythe;17
581;CHAOS;Amethyst Demeter's Scythe;17
582;CHAOS;Atlantis Zeus' Thunderbolt;20
583;AURORA;Adamantine Demeter's Scythe;24
584;REFLECTION;Amethyst Demeter's Scythe;35
585;CHAOS;Mythic Poseidon's Trident;18
586;CHAOS;Emerald Poseidon's Trident;20
587;AURORA;Mythic Hephaestus' Hammer;21
588;PURIFICATION;Adamantine Artemis' Bow;14
589;PURIFICATION;Amethyst Hermes' Wings;15
590;AURORA;Amethyst Athena's Spear;23
591;PURIFICATION;Agno Athena's Spear;16
592;CHAOS;Golden Artemis' Bow;19
593;PURIFICATION;Toxic Ares' Spear;12
594;CHAOS;Mythic Hephaestus' Hammer;18
595;CONJUNCTION;Transcendent Ares' Sword;27
596;AURORA;Transcendent Hephaestus' Hammer;24
597;AURORA;Atlantis The Aegis;24
598;AURORA;Agno Hera's Staff;25
599;AGNO;Atlantis Artemis' Quiver;47
600;CONJUNCTION;Emerald Hades' Bident;28
601;PURIFICATION;Amethyst Hera's Staff;12
602;AURORA;Skybound Artemis' Bow;21
603;PURIFICATION;Mercuris Athena's Spear;12
604;CHAOS;Adamantine Hera's Staff;17
605;CHAOS;Golden Artemis' Quiver;19
606;PURIFICATION;Toxic Artemis' Quiver;13
607;PURIFICATION;Transcendent Athena's Spear;16
608;CHAOS;Golden Apollo's Lyre;18
609;AURORA;Transcendent Ares' Spear;25
610;CHAOS;Mythic Hades' Bident;18
611;CHAOS;Skybound Poseidon's Trident;18
612;PURIFICATION;Golden Hades' Bident;13
613;CONJUNCTION;Golden Hermes' Wings;26
614;CHAOS;Atlantis Ares' Spear;18
615;CHAOS;Atlantis Ares' Sword;20
616;PURIFICATION;Adamantine Zeus' Thunderbolt;15
617;CHAOS;Skybound Ares' Sword;18
618;ASTRAL;Coral Zeus' Thunderbolt;39
619;PURIFICATION;Adamantine Artemis' Bow;14
620;PURIFICATION;Amethyst The Aegis;14
621;CHAOS;Adamantine Apollo's Lyre;20
622;PURIFICATION;Mythic The Aegis;12
623;AURORA;Atlantis Demeter's Scythe;22
624;AURORA;Atlantis Hera's Staff;24
625;CONJUNCTION;Mythic Artemis' Quiver;26
626;PURIFICATION;Emerald Athena's Spear;15
627;CHAOS;Atlantis The Aegis;19
628;AURORA;Golden Ares' Spear;22
629;CHAOS;Skybound Zeus' Thunderbolt;20
630;CHAOS;Adamantine Hera's Staff;19
631;REFLECTION;Mythic Artemis' Quiver;33
632;AURORA;Agno Demeter's Scythe;24
633;AURORA;Skybound Apollo's Lyre;24
634;PURIFICATION;Amethyst Athena's Spear;11
635;PURIFICATION;Coral Hermes' Wings;16
636;PURIFICATION;Mercuris Artemis' Quiver;13
637;PURIFICATION;Coral Hades' Bident;11
638;CHAOS;Golden Artemis' Quiver;19
639;PURIFICATION;Atlantis Hermes' Wings;10
640;PURIFICATION;Golden Athena's Spear;13
641;AURORA;Emerald Apollo's Lyre;22
642;AURORA;Mythic Athena's Spear;25
643;REFLECTION;Golden Hades' Bident;33
644;PURIFICATION;Skybound Athena's Spear;11
645;PURIFICATION;Emerald Ares' Sword;11
646;CHAOS;Skybound Hades' Bident;18
647;CONJUNCTION;Emerald Ares' Sword;28
648;AURORA;Skybound The Aegis;23
649;CHAOS;Adamantine Artemis' Quiver;17
650;PURIFICATION;Skybound Athena's Spear;10
651;CHAOS;Golden Zeus' Thunderbolt;19
652;CHAOS;Mythic Ares' Sword;18
653;CONJUNCTION;Adamantine The Aegis;26
654;CHAOS;Golden Artemis' Bow;18
655;PURIFICATION;Toxic Hades' Bident;16
656;CHAOS;Transcendent Zeus' Thunderbolt;20
657;CHAOS;Skybound Hephaestus' Hammer;19
658;PURIFICATION;Coral Hades' Bident;11
659;CHAOS;Skybound Hephaestus' Hammer;19
660;AURORA;Agno Apollo's Lyre;24
661;AURORA;Transcendent Ares' Sword;21
662;PURIFICATION;Emerald Poseidon's Trident;13
663;CHAOS;Emerald Apollo's Lyre;19
664;PURIFICATION;Coral Demeter's Scythe;14
665;CHAOS;Emerald The Aegis;20
666;AURORA;Emerald Poseidon's Trident;24
667;CHAOS;Skybound Artemis' Quiver;19
668;PURIFICATION;Atlantis Hephaestus' Hammer;11
669;REFLECTION;Atlantis Zeus' Thunderbolt;35
670;AURORA;Mythic The Aegis;22
671;PURIFICATION;Skybound The Aegis;11
672;PURIFICATION;Coral Ares' Spear;13
673;CONJUNCTION;Skybound Poseidon's Trident;26
674;PURIFICATION;Transcendent Zeus' Thunderbolt;13
675;AURORA;Coral Hephaestus' Hammer;23
676;CONJUNCTION;Transcendent Athena's Spear;27
677;CONJUNCTION;Skybound Hephaestus' Hammer;29
678;CHAOS;Golden Demeter's Scythe;18
679;PURIFICATION;Amethyst The Aegis;15
680;CHAOS;Adamantine Hephaestus' Hammer;18
681;REFLECTION;Mercuris Zeus' Thunderbolt;31
682;AURORA;Mercuris Hera's Staff;23
683;PURIFICATION;Atlantis Apollo's Lyre;12
684;AURORA;Transcendent Ares' Sword;22
685;CHAOS;Atlantis Zeus' Thunderbolt;18
686;AURORA;Coral Hephaestus' Hammer;22
687;AURORA;Mythic Apollo's Lyre;21
688;AURORA;Mythic The Aegis;21
689;PURIFICATION;Skybound Hephaestus' Hammer;13
690;CHAOS;Skybound Hades' Bident;18
691;PURIFICATION;Amethyst Poseidon's Trident;14
692;CHAOS;Adamantine Ares' Spear;20
693;PURIFICATION;Coral Apollo's Lyre;11
694;CHAOS;Emerald Poseidon's Trident;20
695;CONJUNCTION;Agno Apollo's Lyre;26
696;CHAOS;Atlantis Zeus' Thunderbolt;20
697;AURORA;Golden Apollo's Lyre;25
698;CHAOS;Coral Hephaestus' Hammer;18
699;AURORA;Adamantine Zeus' Thunderbolt;22
700;PURIFICATION;Mercuris Hermes' Wings;10
701;CONJUNCTION;Skybound Hades' Bident;27
702;AURORA;Coral Ares' Spear;23
703;CHAOS;Emerald Apollo's Lyre;18
704;AURORA;Transcendent Ares' Spear;25
705;AURORA;Golden Artemis' Quiver;25
706;AURORA;Skybound The Aegis;25
707;CONJUNCTION;Mythic Athena's Spear;27
708;PURIFICATION;Transcendent Hephaestus' Hammer;14
709;PURIFICATION;Amethyst Hades' Bident;16
710;PURIFICATION;Atlantis Hephaestus' Hammer;13
711;CHAOS;Golden Poseidon's Trident;19
712;CHAOS;Toxic Hera's Staff;20
713;REFLECTION;Golden Ares' Spear;33
714;PURIFICATION;Adamantine Zeus' Thunderbolt;15
715;CHAOS;Skybound Ares' Sword;20
716;CHAOS;Adamantine Hermes' Wings;17
717;AURORA;Skybound Ares' Sword;23
718;CHAOS;Mythic Athena's Spear;18
719;CONJUNCTION;Emerald Zeus' Thunderbolt;28
720;PURIFICATION;Coral The Aegis;13
721;CONJUNCTION;Golden Artemis' Quiver;28
722;AURORA;Skybound Ares' Sword;22
723;AURORA;Skybound Athena's Spear;25
724;AURORA;Coral Athena's Spear;22
725;CHAOS;Golden Ares' Spear;19
726;AURORA;Skybound The Aegis;22
727;PURIFICATION;Toxic Hera's Staff;13
728;CHAOS;Coral The Aegis;20
729;CONJUNCTION;Mythic Athena's Spear;28
730;CONJUNCTION;Emerald Artemis' Quiver;27
731;CONJUNCTION;Amethyst Hermes' Wings;26
732;CHAOS;Toxic Athena's Spear;18
733;CHAOS;Mythic Artemis' Quiver;18
734;AURORA;Adamantine Poseidon's Trident;25
735;PURIFICATION;Emerald Poseidon's Trident;13
736;PURIFICATION;Atlantis Demeter's Scythe;16
737;CHAOS;Skybound Hephaestus' Hammer;19
738;PURIFICATION;Mercuris Artemis' Quiver;14
739;PURIFICATION;Amethyst Hades' Bident;10
740;AURORA;Mercuris Hera's Staff;21
741;REFLECTION;Coral Demeter's Scythe;32
742;PURIFICATION;Golden Artemis' Quiver;13
743;CHAOS;Toxic Athena's Spear;18
744;PURIFICATION;Mythic Artemis' Quiver;11
745;PURIFICATION;Adamantine Zeus' Thunderbolt;11
746;ASTRAL;Emerald Demeter's Scythe;38
747;CHAOS;Mercuris Zeus' Thunderbolt;19
748;AURORA;Adamantine Artemis' Quiver;23
749;PURIFICATION;Transcendent Hephaestus' Hammer;16
750;PURIFICATION;Atlantis Zeus' Thunderbolt;14
751;PURIFICATION;Transcendent Hephaestus' Hammer;11
752;CHAOS;Adamantine Artemis' Quiver;18
753;PURIFICATION;Skybound Zeus' Thunderbolt;15
754;CHAOS;Adamantine The Aegis;20
755;PURIFICATION;Skybound Hephaestus' Hammer;15
756;PURIFICATION;Atlantis Hades' Bident;14
757;AURORA;Agno Apollo's Lyre;24
758;PURIFICATION;Emerald Ares' Spear;10
759;PURIFICATION;Mercuris Athena's Spear;13
760;PURIFICATION;Adamantine Zeus' Thunderbolt;15
761;AURORA;Golden Hermes' Wings;21
762;CHAOS;Adamantine Artemis' Bow;18
763;PURIFICATION;Emerald Artemis' Quiver;12
764;CONJUNCTION;Golden Ares' Sword;28
765;AURORA;Transcendent Poseidon's Trident;21
766;AURORA;Skybound Poseidon's Trident;23
767;CONJUNCTION;Skybound Ares' Sword;27
768;REFLECTION;Adamantine Hades' Bident;32
769;PURIFICATION;Coral Artemis' Bow;11
770;CONJUNCTION;Golden Ares' Sword;29
771;CHAOS;Agno Hermes' Wings;17
772;PURIFICATION;Mythic Ares' Sword;11
773;PURIFICATION;Agno Hermes' Wings;12
774;PURIFICATION;Skybound Artemis' Bow;16
775;CHAOS;Mythic Artemis' Bow;19
776;CHAOS;Transcendent Hephaestus' Hammer;17
777;CONJUNCTION;Adamantine Zeus' Thunderbolt;29
778;AURORA;Transcendent Apollo's Lyre;23
779;PURIFICATION;Amethyst Hera's Staff;11
780;PURIFICATION;Golden Artemis' Bow;15
781;REFLECTION;Agno Athena's Spear;33
782;CHAOS;Amethyst Apollo's Lyre;19
783;ASTRAL;Adamantine Ares' Spear;41
784;PURIFICATION;Transcendent Ares' Spear;10
785;PURIFICATION;Mythic Ares' Sword;12
786;AURORA;Emerald Apollo's Lyre;22
787;PURIFICATION;Skybound Hera's Staff;10
788;REFLECTION;Skybound The Aegis;35
789;PURIFICATION;Coral Ares' Sword;12
790;CHAOS;Toxic The Aegis;18
791;PURIFICATION;Mythic Hermes' Wings;16
792;AURORA;Atlantis Hades' Bident;24
793;CONJUNCTION;Adamantine Artemis' Bow;29
794;CONJUNCTION;Amethyst The Aegis;30
795;CHAOS;Atlantis Athena's Spear;20
796;AURORA;Amethyst Hermes' Wings;22
797;PURIFICATION;Transcendent Demeter's Scythe;15
798;AURORA;Transcendent Artemis' Quiver;21
799;AURORA;Golden The Aegis;22
800;PURIFICATION;Golden Hades' Bident;13
801;CONJUNCTION;Mythic Apollo's Lyre;27
802;AURORA;Coral Artemis' Bow;25
803;AURORA;Atlantis Hermes' Wings;21
804;CHAOS;Golden Hermes' Wings;19
805;CHAOS;Coral The Aegis;19
806;AURORA;Atlantis The Aegis;23
807;CHAOS;Atlantis Hermes' Wings;20
808;PURIFICATION;Golden Ares' Spear;12
809;PURIFICATION;Atlantis Hephaestus' Hammer;15
810;CHAOS;Golden The Aegis;20
811;CONJUNCTION;Coral Zeus' Thunderbolt;28
812;CHAOS;Skybound Hera's Staff;19
813;CHAOS;Atlantis Hades' Bident;17
814;CHAOS;Golden Apollo's Lyre;17
815;CHAOS;Golden Zeus' Thunderbolt;18
816;CHAOS;Transcendent Demeter's Scythe;19
817;PURIFICATION;Golden Athena's Spear;11
818;CHAOS;Mercuris Hephaestus' Hammer;18
819;PURIFICATION;Mercuris Hades' Bident;15
820;PURIFICATION;Skybound Poseidon's Trident;13
821;PURIFICATION;Golden Hephaestus' Hammer;11
822;CHAOS;Emerald Apollo's Lyre;17
823;PURIFICATION;Atlantis Apollo's Lyre;11
824;CONJUNCTION;Atlantis Ares' Sword;28
825;CONJUNCTION;Adamantine Artemis' Bow;27
826;CHAOS;Agno Hades' Bident;18
827;CHAOS;Adamantine Artemis' Quiver;18
828;CHAOS;Amethyst Hades' Bident;20
829;CONJUNCTION;Coral Demeter's Scythe;28
830;CHAOS;Atlantis Poseidon's Trident;20
831;PURIFICATION;Skybound Artemis' Bow;16
832;PURIFICATION;Coral Hephaestus' Hammer;11
833;CONJUNCTION;Emerald Apollo's Lyre;30
834;CHAOS;Emerald Demeter's Scythe;18
835;CHAOS;Golden Hermes' Wings;20
836;CONJUNCTION;Skybound Ares' Spear;30
837;CONJUNCTION;Adamantine Demeter's Scythe;27
838;AURORA;Adamantine Artemis' Quiver;22
839;CHAOS;Golden Artemis' Quiver;18
840;CONJUNCTION;Adamantine Apollo's Lyre;27
841;PURIFICATION;Adamantine Ares' Sword;15
842;PURIFICATION;Mercuris Ares' Spear;12
843;CHAOS;Skybound Artemis' Bow;17
844;CHAOS;Amethyst Hera's Staff;19
845;PURIFICATION;Adamantine Hera's Staff;12
846;PURIFICATION;Skybound Hades' Bident;15
847;AURORA;Transcendent Hermes' Wings;21
848;CHAOS;Mythic Ares' Spear;18
849;PURIFICATION;Golden Artemis' Bow;14
850;CHAOS;Atlantis Athena's Spear;18
851;CHAOS;Golden Athena's Spear;18
852;PURIFICATION;Amethyst Ares' Spear;11
853;CHAOS;Adamantine Ares' Spear;19
854;CHAOS;Skybound Hades' Bident;17
855;PURIFICATION;Coral Athena's Spear;16
856;CHAOS;Mercuris Hades' Bident;18
857;CHAOS;Transcendent Poseidon's Trident;19
858;AURORA;Golden Hades' Bident;24
859;PURIFICATION;Mythic Ares' Sword;12
860;REFLECTION;Atlantis Ares' Sword;31
861;AURORA;Skybound Hermes' Wings;23
862;CHAOS;Coral The Aegis;20
863;CHAOS;Emerald Ares' Spear;17
864;AURORA;Atlantis Apollo's Lyre;21
865;PURIFICATION;Mythic Demeter's Scythe;12
866;CHAOS;Skybound Apollo's Lyre;20
867;CHAOS;Adamantine Zeus' Thunderbolt;18
868;CHAOS;Skybound Demeter's Scythe;18
869;PURIFICATION;Adamantine Demeter's Scythe;15
870;PURIFICATION;Mythic Demeter's Scythe;13
871;CHAOS;Golden Demeter's Scythe;17
872;CHAOS;Mythic Hermes' Wings;20
873;AURORA;Coral Demeter's Scythe;21
874;PURIFICATION;Golden Zeus' Thunderbolt;15
875;PURIFICATION;Mythic The Aegis;13
876;CONJUNCTION;Skybound Artemis' Bow;27
877;PURIFICATION;Coral Zeus' Thunderbolt;11
878;CHAOS;Adamantine Artemis' Bow;19
879;CHAOS;Coral Ares' Spear;17
880;CHAOS;Coral Hades' Bident;17
881;CHAOS;Golden Zeus' Thunderbolt;20
882;CHAOS;Amethyst Zeus' Thunderbolt;20
883;PURIFICATION;Adamantine Artemis' Quiver;16
884;PURIFICATION;Skybound Artemis' Bow;15
885;CHAOS;Skybound Ares' Sword;18
886;PURIFICATION;Toxic Artemis' Quiver;14
887;AURORA;Golden Zeus' Thunderbolt;25
888;CHAOS;Amethyst Zeus' Thunderbolt;18
889;AURORA;Atlantis Artemis' Bow;21
890;PURIFICATION;Amethyst Hephaestus' Hammer;15
891;CHAOS;Emerald Hermes' Wings;18
892;CONJUNCTION;Amethyst Apollo's Lyre;30
893;CHAOS;Atlantis Apollo's Lyre;17
894;CHAOS;Skybound Athena's Spear;20
895;PURIFICATION;Coral Hades' Bident;15
896;PURIFICATION;Golden Hera's Staff;16
897;AURORA;Adamantine The Aegis;22
898;ASTRAL;Amethyst Poseidon's Trident;41
899;PURIFICATION;Mythic Artemis' Bow;13
900;PURIFICATION;Mythic Artemis' Bow;15
901;CHAOS;Mythic The Aegis;18
902;PURIFICATION;Atlantis Hera's Staff;15
903;PURIFICATION;Coral Zeus' Thunderbolt;15
904;CONJUNCTION;Transcendent Poseidon's Trident;30
905;CHAOS;Agno Zeus' Thunderbolt;19
906;PURIFICATION;Atlantis Poseidon's Trident;11
907;AURORA;Coral Demeter's Scythe;22
908;CHAOS;Amethyst Hera's Staff;20
909;AURORA;Coral Hermes' Wings;25
910;CHAOS;Mythic Ares' Sword;17
911;PURIFICATION;Emerald Hera's Staff;14
912;PURIFICATION;Coral Zeus' Thunderbolt;15
913;CONJUNCTION;Emerald Demeter's Scythe;26
914;CHAOS;Mercuris The Aegis;17
915;AURORA;Coral Hera's Staff;24
916;PURIFICATION;Adamantine Ares' Spear;13
917;AURORA;Golden Hermes' Wings;22
918;AURORA;Toxic Poseidon's Trident;22
919;CHAOS;Atlantis Artemis' Quiver;20
920;PURIFICATION;Transcendent Athena's Spear;11
921;CHAOS;Amethyst Hera's Staff;17
922;CONJUNCTION;Amethyst Hades' Bident;27
923;AURORA;Amethyst Ares' Sword;25
924;PURIFICATION;Toxic Athena's Spear;10
925;AURORA;Adamantine Hades' Bident;23
926;AURORA;Atlantis Zeus' Thunderbolt;23
927;PURIFICATION;Emerald Hermes' Wings;14
928;AURORA;Skybound Hera's Staff;24
929;AURORA;Toxic Demeter's Scythe;21
930;PURIFICATION;Mercuris Artemis' Bow;11
931;AURORA;Agno Ares' Sword;25
932;PURIFICATION;Toxic Hades' Bident;14
933;PURIFICATION;Transcendent Hermes' Wings;14
934;AURORA;Amethyst Poseidon's Trident;24
935;AURORA;Adamantine Ares' Sword;24
936;AURORA;Transcendent Hera's Staff;25
937;CONJUNCTION;Golden Ares' Spear;26
938;AURORA;Mythic Zeus' Thunderbolt;21
939;CHAOS;Toxic Artemis' Bow;19
940;AURORA;Mercuris Apollo's Lyre;25
941;CHAOS;Mercuris Hades' Bident;18
942;CHAOS;Atlantis The Aegis;18
943;ASTRAL;Skybound Hera's Staff;38
944;CHAOS;Adamantine Hades' Bident;20
945;CHAOS;Adamantine Hephaestus' Hammer;17
946;REFLECTION;Golden Athena's Spear;35
947;AURORA;Adamantine Hermes' Wings;25
948;AURORA;Agno Athena's Spear;24
949;PURIFICATION;Amethyst Artemis' Bow;11
950;CHAOS;Agno Artemis' Bow;17
951;PURIFICATION;Agno Zeus' Thunderbolt;14
952;AURORA;Transcendent The Aegis;23
953;PURIFICATION;Golden Hades' Bident;10
954;CHAOS;Toxic The Aegis;17
955;AURORA;Amethyst Hades' Bident;23
956;AURORA;Mercuris Ares' Spear;24
957;AURORA;Mercuris Ares' Spear;25
958;PURIFICATION;Agno Hermes' Wings;16
959;AURORA;Transcendent Hephaestus' Hammer;21
960;CHAOS;Mercuris Poseidon's Trident;20
961;CHAOS;Adamantine Poseidon's Trident;18
962;CHAOS;Mercuris Artemis' Bow;20
963;AURORA;Mercuris Hera's Staff;24
964;CHAOS;Golden Ares' Spear;18
965;AURORA;Mercuris Hades' Bident;21
966;PURIFICATION;Skybound Ares' Sword;12
967;CHAOS;Mythic The Aegis;19
968;AURORA;Adamantine Artemis' Quiver;22
969;CONJUNCTION;Emerald Ares' Spear;28
970;AURORA;Atlantis Demeter's Scythe;23
971;CHAOS;Agno Athena's Spear;19
972;CONJUNCTION;Amethyst Poseidon's Trident;28
973;PURIFICATION;Amethyst Demeter's Scythe;12
974;CONJUNCTION;Skybound Zeus' Thunderbolt;27
975;AURORA;Atlantis Hera's Staff;22
976;AURORA;Skybound Demeter's Scythe;22
977;PURIFICATION;Coral Ares' Spear;14
978;CHAOS;Emerald Hades' Bident;19
979;PURIFICATION;Atlantis Hermes' Wings;13
980;PURIFICATION;Amethyst Hera's Staff;16
981;CHAOS;Golden Zeus' Thunderbolt;20
982;AURORA;Toxic Hera's Staff;23
983;CHAOS;Adamantine Poseidon's Trident;20
984;CHAOS;Mythic The Aegis;17
985;CHAOS;Skybound Ares' Spear;18
986;PURIFICATION;Coral Zeus' Thunderbolt;15
987;PURIFICATION;Amethyst Demeter's Scythe;15
988;AURORA;Coral Hera's Staff;23
989;REFLECTION;Adamantine Hera's Staff;31
990;PURIFICATION;Amethyst Poseidon's Trident;11
991;CHAOS;Mythic Poseidon's Trident;20
992;CHAOS;Atlantis Ares' Spear;20
993;AURORA;Amethyst Ares' Sword;25
994;CHAOS;Skybound Ares' Spear;17
995;PURIFICATION;Emerald Apollo's Lyre;15
996;PURIFICATION;Skybound Ares' Spear;10
997;AURORA;Mythic The Aegis;25
998;PURIFICATION;Transcendent Hades' Bident;11
999;AURORA;Mercuris Poseidon's Trident;23
1000;AURORA;Adamantine Hades' Bident;21
1001;PURIFICATION;Adamantine The Aegis;15
1002;PURIFICATION;Golden Zeus' Thunderbolt;10
1003;CHAOS;Golden Poseidon's Trident;20
1004;AURORA;Skybound Ares' Spear;23
1005;CONJUNCTION;Amethyst Hades' Bident;27
1006;CHAOS;Atlantis Ares' Spear;19
1007;CHAOS;Atlantis Hades' Bident;20
1008;PURIFICATION;Golden Apollo's Lyre;15
1009;CONJUNCTION;Mercuris Hermes' Wings;28
1010;CHAOS;Atlantis Demeter's Scythe;18
1011;AURORA;Mythic The Aegis;22
1012;AURORA;Transcendent Artemis' Quiver;21
1013;CHAOS;Atlantis Ares' Sword;18
1014;PURIFICATION;Adamantine Ares' Spear;10
1015;CHAOS;Mercuris Ares' Spear;20
1016;AURORA;Adamantine Zeus' Thunderbolt;21
1017;AURORA;Emerald Poseidon's Trident;21
1018;CHAOS;Mercuris Hera's Staff;17
1019;AURORA;Skybound Hera's Staff;24
1020;CHAOS;Coral Hermes' Wings;20
1021;CHAOS;Emerald Artemis' Quiver;18
1022;PURIFICATION;Toxic Hades' Bident;14
1023;AURORA;Mercuris Athena's Spear;24
1024;CONJUNCTION;Agno Hades' Bident;26
1025;AURORA;Golden Ares' Sword;21
1026;AURORA;Adamantine Hades' Bident;23
1027;PURIFICATION;Adamantine The Aegis;11
1028;CONJUNCTION;Coral Hephaestus' Hammer;28
1029;PURIFICATION;Coral Demeter's Scythe;16
1030;CHAOS;Coral Poseidon's Trident;19
1031;CHAOS;Adamantine Hermes' Wings;20
1032;CHAOS;Transcendent Artemis' Quiver;17
1033;CHAOS;Adamantine Zeus' Thunderbolt;17
1034;CHAOS;Adamantine Hermes' Wings;20
1035;CHAOS;Golden Ares' Sword;17
1036;AURORA;Toxic Hephaestus' Hammer;22
1037;CHAOS;Adamantine Artemis' Bow;19
1038;CHAOS;Mythic Hermes' Wings;20
1039;AURORA;Agno Athena's Spear;25
1040;PURIFICATION;Skybound Hera's Staff;15
1041;AURORA;Mythic Poseidon's Trident;23
1042;CONJUNCTION;Adamantine Demeter's Scythe;26
1043;REFLECTION;Adamantine Hermes' Wings;32
1044;PURIFICATION;Mythic Hephaestus' Hammer;14
1045;CHAOS;Agno Hades' Bident;20
1046;AURORA;Toxic Poseidon's Trident;25
1047;PURIFICATION;Toxic Poseidon's Trident;16
1048;PURIFICATION;Coral Athena's Spear;10
1049;CHAOS;Golden Artemis' Quiver;17
1050;PURIFICATION;Emerald Zeus' Thunderbolt;13
1051;CHAOS;Atlantis Hades' Bident;19
1052;CHAOS;Adamantine The Aegis;20
1053;AURORA;Atlantis Hera's Staff;21
1054;PURIFICATION;Coral The Aegis;13
1055;PURIFICATION;Transcendent Ares' Spear;10
1056;PURIFICATION;Atlantis Hephaestus' Hammer;16
1057;PURIFICATION;Skybound Zeus' Thunderbolt;16
1058;CHAOS;Adamantine The Aegis;17
1059;PURIFICATION;Atlantis Artemis' Quiver;14
1060;REFLECTION;Amethyst Artemis' Quiver;31
1061;AURORA;Adamantine Apollo's Lyre;23
1062;CHAOS;Skybound The Aegis;19
1063;CHAOS;Skybound Hades' Bident;19
1064;CHAOS;Skybound Hera's Staff;20
1065;AURORA;Transcendent Artemis' Quiver;24
1066;CHAOS;Coral Hera's Staff;20
1067;AURORA;Amethyst Hades' Bident;21
1068;CHAOS;Golden Hephaestus' Hammer;17
1069;AURORA;Emerald Hermes' Wings;23
1070;PURIFICATION;Atlantis Poseidon's Trident;10
1071;PURIFICATION;Adamantine Apollo's Lyre;12
1072;CHAOS;Golden Ares' Sword;17
1073;AURORA;Amethyst Athena's Spear;24
1074;PURIFICATION;Mythic Hephaestus' Hammer;14
1075;PURIFICATION;Transcendent Hephaestus' Hammer;16
1076;AURORA;Adamantine Artemis' Bow;21
1077;AURORA;Transcendent Hera's Staff;21
1078;CHAOS;Adamantine Artemis' Quiver;17
1079;PURIFICATION;Skybound Poseidon's Trident;11
1080;PURIFICATION;Toxic Artemis' Quiver;13
1081;PURIFICATION;Adamantine Demeter's Scythe;15
1082;AURORA;Atlantis Athena's Spear;24
1083;PURIFICATION;Adamantine Artemis' Quiver;11
1084;AURORA;Amethyst Demeter's Scythe;24
1085;CHAOS;Skybound Demeter's Scythe;19
1086;AURORA;Transcendent The Aegis;22
1087;CHAOS;Adamantine The Aegis;19
1088;AURORA;Adamantine Hermes' Wings;21
1089;CHAOS;Mythic Artemis' Bow;18
1090;AURORA;Coral Athena's Spear;22
1091;PURIFICATION;Golden Artemis' Bow;16
1092;CHAOS;Coral Demeter's Scythe;18
1093;PURIFICATION;Agno Artemis' Quiver;11
1094;CHAOS;Adamantine Hades' Bident;18
1095;CHAOS;Amethyst Ares' Spear;20
1096;CHAOS;Emerald Hera's Staff;20
1097;CHAOS;Amethyst Poseidon's Trident;19
1098;CHAOS;Agno Athena's Spear;20
1099;CHAOS;Adamantine Apollo's Lyre;19
1100;CHAOS;Atlantis Artemis' Quiver;20
1101;PURIFICATION;Mercuris Apollo's Lyre;13
1102;AURORA;Mythic Hades' Bident;21
1103;CHAOS;Transcendent Apollo's Lyre;18
1104;PURIFICATION;Golden Ares' Sword;16
1105;CHAOS;Golden Poseidon's Trident;18
1106;CHAOS;Golden Artemis' Quiver;17
1107;CHAOS;Mercuris Hera's Staff;19
1108;CHAOS;Amethyst Ares' Spear;18
1109;PURIFICATION;Skybound Hades' Bident;16
1110;PURIFICATION;Transcendent Artemis' Bow;10
1111;AURORA;Skybound Poseidon's Trident;24
1112;PURIFICATION;Emerald Poseidon's Trident;13
1113;ASTRAL;Mercuris Hephaestus' Hammer;41
1114;CONJUNCTION;Adamantine Artemis' Quiver;29
1115;AURORA;Golden The Aegis;25
1116;AURORA;Transcendent Artemis' Bow;21
1117;AURORA;Atlantis Artemis' Quiver;22
1118;AURORA;Mythic Ares' Sword;24
1119;CONJUNCTION;Adamantine Hera's Staff;26
1120;PURIFICATION;Mercuris Artemis' Bow;16
1121;PURIFICATION;Agno Artemis' Bow;10
1122;PURIFICATION;Skybound Zeus' Thunderbolt;15
1123;CHAOS;Coral Artemis' Bow;17
1124;PURIFICATION;Amethyst Hephaestus' Hammer;14
1125;AURORA;Coral Hephaestus' Hammer;21
1126;CHAOS;Emerald Ares' Sword;17
1127;CHAOS;Mythic Zeus' Thunderbolt;19
1128;AURORA;Mercuris Demeter's Scythe;24
1129;AURORA;Adamantine Ares' Spear;21
1130;CONJUNCTION;Adamantine Hermes' Wings;30
1131;CHAOS;Amethyst Hermes' Wings;19
1132;PURIFICATION;Adamantine Artemis' Quiver;14
1133;PURIFICATION;Atlantis Ares' Sword;16
1134;CHAOS;Coral Hephaestus' Hammer;18
1135;CHAOS;Mercuris Zeus' Thunderbolt;20
1136;PURIFICATION;Toxic Poseidon's Trident;10
1137;AURORA;Mercuris Hermes' Wings;24
1138;PURIFICATION;Skybound Poseidon's Trident;12
1139;CHAOS;Golden Poseidon's Trident;17
1140;PURIFICATION;Emerald Hades' Bident;10
1141;PURIFICATION;Atlantis Artemis' Bow;10
1142;CHAOS;Amethyst Artemis' Bow;18
1143;CHAOS;Transcendent Ares' Spear;17
1144;CHAOS;Golden Athena's Spear;17
1145;AURORA;Coral Hephaestus' Hammer;25
1146;CHAOS;Golden Hera's Staff;20
1147;PURIFICATION;Atlantis Poseidon's Trident;11
1148;AURORA;Adamantine Artemis' Bow;21
1149;AURORA;Golden Athena's Spear;22
1150;CONJUNCTION;Golden Ares' Spear;30
1151;CHAOS;Coral Demeter's Scythe;20
1152;PURIFICATION;Amethyst Artemis' Bow;10
1153;AURORA;Mercuris Ares' Sword;24
1154;PURIFICATION;Atlantis Ares' Sword;14
1155;PURIFICATION;Amethyst Ares' Sword;14
1156;PURIFICATION;Emerald The Aegis;13
1157;CHAOS;Emerald Apollo's Lyre;17
1158;PURIFICATION;Amethyst Hera's Staff;14
1159;PURIFICATION;Skybound The Aegis;15
1160;CHAOS;Coral Artemis' Bow;19
1161;PURIFICATION;Skybound Artemis' Bow;11
1162;AURORA;Golden Zeus' Thunderbolt;24
1163;AURORA;Coral The Aegis;22
1164;AURORA;Adamantine Hephaestus' Hammer;24
1165;CHAOS;Atlantis Apollo's Lyre;20
1166;CHAOS;Amethyst Ares' Spear;18
1167;AURORA;Mercuris Artemis' Quiver;22
1168;CONJUNCTION;Golden Apollo's Lyre;27
1169;CHAOS;Adamantine The Aegis;18
1170;AURORA;Toxic Demeter's Scythe;23
1171;REFLECTION;Mercuris Athena's Spear;32
1172;CONJUNCTION;Toxic Zeus' Thunderbolt;28
1173;AURORA;Mercuris Athena's Spear;21
1174;CHAOS;Amethyst Hades' Bident;19
1175;CHAOS;Golden Poseidon's Trident;17
1176;AURORA;Atlantis Artemis' Bow;21
1177;AURORA;Atlantis Zeus' Thunderbolt;22
1178;AURORA;Adamantine Athena's Spear;24
1179;CONJUNCTION;Emerald Hephaestus' Hammer;28
1180;CHAOS;Atlantis Poseidon's Trident;18
1181;CONJUNCTION;Mythic Ares' Spear;26
1182;CONJUNCTION;Transcendent Artemis' Quiver;26
1183;CHAOS;Adamantine Poseidon's Trident;18
1184;CHAOS;Golden Hera's Staff;20
1185;PURIFICATION;Agno Hephaestus' Hammer;12
1186;PURIFICATION;Mythic Zeus' Thunderbolt;12
1187;PURIFICATION;Mythic Artemis' Quiver;13
1188;CONJUNCTION;Skybound Hades' Bident;27
1189;CHAOS;Transcendent Demeter's Scythe;20
1190;PURIFICATION;Coral Poseidon's Trident;14
1191;CHAOS;Adamantine Ares' Spear;18
1192;PURIFICATION;Mercuris Artemis' Quiver;13
1193;PURIFICATION;Mythic Ares' Sword;13
1194;AURORA;Atlantis Hera's Staff;22
1195;AURORA;Skybound The Aegis;24
1196;PURIFICATION;Adamantine Ares' Spear;15
1197;CHAOS;Toxic Zeus' Thunderbolt;20
1198;CHAOS;Golden Poseidon's Trident;19
1199;CHAOS;Adamantine Demeter's Scythe;19
1200;AURORA;Golden Hades' Bident;24
1201;PURIFICATION;Golden Ares' Sword;14
1202;PURIFICATION;Atlantis Hera's Staff;14
1203;AURORA;Golden Ares' Spear;21
1204;CHAOS;Transcendent Athena's Spear;17
1205;AURORA;Mythic Ares' Spear;23
1206;AURORA;Mercuris Poseidon's Trident;24
1207;CHAOS;Adamantine Hera's Staff;18
1208;AURORA;Skybound Hermes' Wings;24
1209;AURORA;Adamantine Ares' Spear;25
1210;AURORA;Atlantis The Aegis;21
1211;CHAOS;Atlantis Hephaestus' Hammer;19
1212;REFLECTION;Skybound Athena's Spear;34
1213;PURIFICATION;Emerald Hera's Staff;11
1214;CHAOS;Mythic Demeter's Scythe;19
1215;CHAOS;Transcendent Hephaestus' Hammer;18
1216;CHAOS;Adamantine Hera's Staff;18
1217;CHAOS;Adamantine Athena's Spear;17
1218;AURORA;Golden Demeter's Scythe;23
1219;PURIFICATION;Golden Artemis' Bow;16
1220;CONJUNCTION;Transcendent Ares' Sword;26
1221;PURIFICATION;Amethyst Athena's Spear;13
1222;PURIFICATION;Amethyst Artemis' Quiver;12
1223;CHAOS;Mythic Athena's Spear;20
1224;PURIFICATION;Golden Artemis' Quiver;12
1225;PURIFICATION;Golden Poseidon's Trident;15
1226;PURIFICATION;Atlantis Demeter's Scythe;16
1227;CHAOS;Amethyst Artemis' Quiver;18
1228;CHAOS;Golden Hermes' Wings;19
1229;AURORA;Adamantine Artemis' Quiver;25
1230;CHAOS;Emerald Zeus' Thunderbolt;17
1231;CHAOS;Coral Hades' Bident;17
1232;REFLECTION;Transcendent Apollo's Lyre;33
1233;AURORA;Skybound Hermes' Wings;23
1234;PURIFICATION;Mythic Hephaestus' Hammer;11
1235;CONJUNCTION;Emerald Hephaestus' Hammer;28
1236;CONJUNCTION;Atlantis Artemis' Quiver;26
1237;CHAOS;Mythic Ares' Sword;20
1238;CHAOS;Adamantine The Aegis;18
1239;CHAOS;Amethyst Apollo's Lyre;20
1240;AURORA;Golden Artemis' Quiver;21
1241;PURIFICATION;Skybound Zeus' Thunderbolt;16
1242;PURIFICATION;Skybound Hades' Bident;13
1243;PURIFICATION;Transcendent The Aegis;15
1244;AURORA;Mercuris Zeus' Thunderbolt;22
1245;PURIFICATION;Mercuris Poseidon's Trident;16
1246;AURORA;Golden Zeus' Thunderbolt;21
1247;AURORA;Golden Zeus' Thunderbolt;25
1248;CHAOS;Golden Hermes' Wings;17
1249;CHAOS;Mercuris Zeus' Thunderbolt;20
1250;PURIFICATION;Transcendent Ares' Sword;14
1251;CHAOS;Mythic Hades' Bident;20
1252;CHAOS;Coral The Aegis;18
1253;CHAOS;Transcendent Ares' Sword;20
1254;CHAOS;Toxic Ares' Spear;20
1255;PURIFICATION;Coral Ares' Sword;12
1256;PURIFICATION;Golden Ares' Sword;13
1257;CHAOS;Mercuris Ares' Spear;17
1258;AURORA;Golden Zeus' Thunderbolt;22
1259;PURIFICATION;Coral Hermes' Wings;13
1260;PURIFICATION;Mercuris Artemis' Bow;14
1261;AURORA;Golden Apollo's Lyre;24
1262;REFLECTION;Agno Hera's Staff;32
1263;CHAOS;Golden Artemis' Bow;18
1264;PURIFICATION;Skybound Poseidon's Trident;13
1265;CHAOS;Emerald Zeus' Thunderbolt;17
1266;PURIFICATION;Toxic Apollo's Lyre;12
1267;PURIFICATION;Mythic Ares' Sword;10
1268;AURORA;Golden Athena's Spear;25
1269;CHAOS;Skybound Demeter's Scythe;19
1270;CONJUNCTION;Emerald Artemis' Quiver;28
1271;AURORA;Mythic The Aegis;23
1272;CHAOS;Mercuris Hades' Bident;20
1273;PURIFICATION;Mythic Athena's Spear;14
1274;AURORA;Mythic Poseidon's Trident;24
1275;AURORA;Adamantine Apollo's Lyre;21
1276;AURORA;Transcendent Ares' Spear;22
1277;AURORA;Skybound Zeus' Thunderbolt;25
1278;AURORA;Transcendent Ares' Sword;25
1279;CONJUNCTION;Skybound Zeus' Thunderbolt;29
1280;CHAOS;Emerald Ares' Sword;18
1281;CHAOS;Transcendent Apollo's Lyre;20
1282;PURIFICATION;Emerald Zeus' Thunderbolt;15
1283;AURORA;Adamantine Apollo's Lyre;21
1284;AURORA;Skybound Athena's Spear;22
1285;AURORA;Golden Ares' Spear;25
1286;CHAOS;Atlantis Athena's Spear;17
1287;CHAOS;Coral Zeus' Thunderbolt;19
1288;PURIFICATION;Atlantis The Aegis;14
1289;CHAOS;Agno The Aegis;18
1290;PURIFICATION;Toxic Demeter's Scythe;13
1291;PURIFICATION;Toxic Athena's Spear;16
1292;AURORA;Mythic Artemis' Bow;21
1293;PURIFICATION;Toxic Hermes' Wings;12
1294;CONJUNCTION;Agno Hephaestus' Hammer;29
1295;PURIFICATION;Amethyst Zeus' Thunderbolt;14
1296;AURORA;Golden Athena's Spear;21
1297;REFLECTION;Coral Demeter's Scythe;31
1298;CHAOS;Transcendent Hera's Staff;18
1299;AURORA;Skybound The Aegis;25
1300;PURIFICATION;Emerald Athena's Spear;10
1301;PURIFICATION;Emerald Artemis' Quiver;12
1302;PURIFICATION;Coral Artemis' Quiver;15
1303;PURIFICATION;Transcendent Hermes' Wings;15
1304;CHAOS;Adamantine Athena's Spear;18
1305;CHAOS;Mercuris Athena's Spear;17
1306;PURIFICATION;Skybound Artemis' Bow;13
1307;AURORA;Mercuris Ares' Spear;22
1308;PURIFICATION;Mercuris Hermes' Wings;13
1309;CONJUNCTION;Skybound Ares' Spear;28
1310;PURIFICATION;Skybound Hera's Staff;16
1311;CONJUNCTION;Amethyst Poseidon's Trident;28
1312;CONJUNCTION;Skybound Hades' Bident;29
1313;CHAOS;Emerald The Aegis;17
1314;CONJUNCTION;Atlantis Hephaestus' Hammer;30
1315;CHAOS;Mythic Hermes' Wings;18
1316;CHAOS;Adamantine Ares' Sword;20
1317;CHAOS;Amethyst Hephaestus' Hammer;20
1318;PURIFICATION;Mythic Hephaestus' Hammer;14
1319;CONJUNCTION;Mythic Demeter's Scythe;29
1320;ASTRAL;Emerald The Aegis;39
1321;CONJUNCTION;Golden Artemis' Quiver;28
1322;CHAOS;Transcendent Athena's Spear;18
1323;PURIFICATION;Coral Artemis' Bow;10
1324;AURORA;Transcendent Apollo's Lyre;22
1325;AURORA;Toxic Apollo's Lyre;24
1326;PURIFICATION;Mercuris Hades' Bident;11
1327;CHAOS;Amethyst Demeter's Scythe;17
1328;PURIFICATION;Amethyst Demeter's Scythe;10
1329;PURIFICATION;Mercuris The Aegis;12
1330;AURORA;Emerald Hephaestus' Hammer;23
1331;AURORA;Adamantine Athena's Spear;23
1332;CHAOS;Mythic Zeus' Thunderbolt;19
1333;CHAOS;Coral Hades' Bident;18
1334;PURIFICATION;Adamantine Hephaestus' Hammer;12
1335;AURORA;Skybound Apollo's Lyre;23
1336;CHAOS;Golden Hera's Staff;17
1337;CHAOS;Agno Ares' Sword;19
1338;CHAOS;Atlantis Ares' Sword;18
1339;PURIFICATION;Mythic Demeter's Scythe;11
1340;CHAOS;Agno Demeter's Scythe;18
1341;PURIFICATION;Coral Demeter's Scythe;11
1342;AURORA;Toxic Zeus' Thunderbolt;23
1343;CHAOS;Atlantis The Aegis;18
1344;AURORA;Atlantis Apollo's Lyre;23
1345;PURIFICATION;Coral Hermes' Wings;14
1346;CHAOS;Transcendent Zeus' Thunderbolt;19
1347;PURIFICATION;Golden Artemis' Bow;15
1348;AURORA;Skybound Ares' Spear;22
1349;PURIFICATION;Mythic Hephaestus' Hammer;14
1350;CONJUNCTION;Skybound Poseidon's Trident;28
1351;PURIFICATION;Mythic Hades' Bident;13
1352;AGNO;Skybound Hades' Bident;46
1353;PURIFICATION;Mercuris The Aegis;10
1354;PURIFICATION;Amethyst Hermes' Wings;16
1355;AURORA;Mythic Artemis' Bow;25
1356;CONJUNCTION;Golden Ares' Spear;30
1357;CHAOS;Amethyst Hephaestus' Hammer;17
1358;REFLECTION;Mythic Ares' Sword;32
1359;PURIFICATION;Skybound Hera's Staff;16
1360;CONJUNCTION;Amethyst Artemis' Bow;26
1361;AURORA;Amethyst Poseidon's Trident;23
1362;CHAOS;Adamantine Demeter's Scythe;18
1363;PURIFICATION;Skybound Artemis' Bow;12
1364;AURORA;Coral Artemis' Bow;25
1365;CONJUNCTION;Transcendent Demeter's Scythe;30
1366;AURORA;Amethyst Zeus' Thunderbolt;21
1367;PURIFICATION;Mythic Ares' Spear;15
1368;PURIFICATION;Toxic Ares' Spear;11
1369;CHAOS;Toxic Apollo's Lyre;19
1370;PURIFICATION;Atlantis Artemis' Quiver;10
1371;CONJUNCTION;Coral Ares' Spear;27
1372;AURORA;Coral Artemis' Quiver;22
1373;AURORA;Skybound Hephaestus' Hammer;22
1374;PURIFICATION;Coral Ares' Sword;16
1375;PURIFICATION;Adamantine Hera's Staff;16
1376;REFLECTION;Skybound Hades' Bident;35
1377;CHAOS;Atlantis Poseidon's Trident;20
1378;CHAOS;Skybound Hermes' Wings;19
1379;PURIFICATION;Transcendent Hephaestus' Hammer;13
1380;PURIFICATION;Toxic Hephaestus' Hammer;13
1381;PURIFICATION;Emerald Demeter's Scythe;16
1382;AURORA;Adamantine Hephaestus' Hammer;24
1383;PURIFICATION;Agno Apollo's Lyre;10
1384;CHAOS;Transcendent Hermes' Wings;19
1385;CHAOS;Adamantine Hera's Staff;20
1386;PURIFICATION;Mythic Hera's Staff;12
1387;CHAOS;Adamantine Ares' Sword;17
1388;CONJUNCTION;Golden Poseidon's Trident;28
1389;AURORA;Adamantine Hermes' Wings;22
1390;PURIFICATION;Mythic Ares' Sword;15
1391;PURIFICATION;Golden Poseidon's Trident;10
1392;PURIFICATION;Skybound Apollo's Lyre;14
1393;PURIFICATION;Skybound Poseidon's Trident;15
1394;PURIFICATION;Golden The Aegis;13
1395;PURIFICATION;Skybound Poseidon's Trident;13
1396;CONJUNCTION;Mythic Demeter's Scythe;30
1397;CONJUNCTION;Amethyst Apollo's Lyre;29
1398;PURIFICATION;Emerald Apollo's Lyre;11
1399;AURORA;Mythic Ares' Sword;23
1400;PURIFICATION;Atlantis Hephaestus' Hammer;12
1401;CHAOS;Atlantis Ares' Spear;19
1402;CHAOS;Emerald Demeter's Scythe;18
1403;CHAOS;Golden Artemis' Bow;18
1404;AURORA;Mythic Demeter's Scythe;22
1405;CONJUNCTION;Adamantine Artemis' Bow;28
1406;PURIFICATION;Emerald Artemis' Bow;10
1407;CONJUNCTION;Golden Athena's Spear;30
1408;PURIFICATION;Emerald The Aegis;10
1409;CHAOS;Skybound Athena's Spear;18
1410;CHAOS;Atlantis Hephaestus' Hammer;17
1411;PURIFICATION;Amethyst Hades' Bident;12
1412;CHAOS;Amethyst Zeus' Thunderbolt;20
1413;CHAOS;Golden Apollo's Lyre;20
1414;PURIFICATION;Emerald Zeus' Thunderbolt;13
1415;AURORA;Golden Hades' Bident;23
1416;PURIFICATION;Toxic Zeus' Thunderbolt;10
1417;CHAOS;Coral Apollo's Lyre;17
1418;CHAOS;Adamantine Apollo's Lyre;19
1419;AURORA;Atlantis Hephaestus' Hammer;24
1420;PURIFICATION;Mercuris Hera's Staff;16
1421;PURIFICATION;Amethyst Apollo's Lyre;11
1422;PURIFICATION;Amethyst The Aegis;16
1423;AURORA;Atlantis Artemis' Quiver;23
1424;PURIFICATION;Coral The Aegis;13
1425;AURORA;Transcendent Ares' Spear;25
1426;AURORA;Skybound Demeter's Scythe;21
1427;AURORA;Golden Artemis' Quiver;21
1428;AURORA;Transcendent Hades' Bident;25
1429;PURIFICATION;Transcendent Demeter's Scythe;11
1430;CHAOS;Skybound Artemis' Bow;17
1431;AURORA;Mercuris Hera's Staff;24
1432;REFLECTION;Agno Hades' Bident;31
1433;CHAOS;Coral Athena's Spear;20
1434;CONJUNCTION;Mercuris Hephaestus' Hammer;27
1435;AURORA;Mythic Hermes' Wings;23
1436;AURORA;Mythic Zeus' Thunderbolt;23
1437;AURORA;Emerald Athena's Spear;22
1438;CHAOS;Atlantis Poseidon's Trident;19
1439;PURIFICATION;Skybound Artemis' Bow;16
1440;AURORA;Mythic Zeus' Thunderbolt;22
1441;CHAOS;Mythic Demeter's Scythe;17
1442;AURORA;Amethyst Demeter's Scythe;25
1443;AURORA;Skybound Ares' Spear;22
1444;AURORA;Skybound Hephaestus' Hammer;23
1445;AURORA;Emerald Hephaestus' Hammer;21
1446;AURORA;Toxic Poseidon's Trident;22
1447;AURORA;Amethyst Hera's Staff;22
1448;CONJUNCTION;Coral Athena's Spear;29
1449;AURORA;Coral Ares' Spear;23
1450;CONJUNCTION;Mythic Apollo's Lyre;29
1451;AURORA;Transcendent Demeter's Scythe;23
1452;PURIFICATION;Mercuris Zeus' Thunderbolt;11
1453;CHAOS;Skybound Hephaestus' Hammer;17
1454;CHAOS;Emerald Athena's Spear;18
1455;CONJUNCTION;Mythic Poseidon's Trident;26
1456;CHAOS;Transcendent The Aegis;18
1457;PURIFICATION;Transcendent Hermes' Wings;14
1458;CHAOS;Emerald Hera's Staff;18
1459;CHAOS;Agno Demeter's Scythe;20
1460;CHAOS;Coral Hermes' Wings;17
1461;AURORA;Mercuris Hades' Bident;21
1462;PURIFICATION;Transcendent Artemis' Bow;11
1463;CHAOS;Coral Hephaestus' Hammer;19
1464;CHAOS;Skybound The Aegis;18
1465;PURIFICATION;Emerald Apollo's Lyre;10
1466;PURIFICATION;Adamantine Artemis' Quiver;10
1467;PURIFICATION;Agno Hermes' Wings;13
1468;PURIFICATION;Coral Artemis' Bow;12
1469;PURIFICATION;Atlantis Apollo's Lyre;15
1470;CHAOS;Atlantis Hera's Staff;18
1471;CHAOS;Skybound Apollo's Lyre;19
1472;AURORA;Adamantine Hera's Staff;22
1473;CONJUNCTION;Mercuris Poseidon's Trident;27
1474;PURIFICATION;Mercuris Hermes' Wings;10
1475;PURIFICATION;Atlantis Ares' Spear;10
1476;CHAOS;Transcendent Zeus' Thunderbolt;19
1477;CHAOS;Mythic Artemis' Bow;18
1478;CHAOS;Amethyst Hephaestus' Hammer;19
1479;PURIFICATION;Adamantine Hades' Bident;13
1480;AURORA;Mythic Athena's Spear;21
1481;AURORA;Mythic Athena's Spear;24
1482;CHAOS;Skybound Ares' Sword;19
1483;CHAOS;Toxic Hermes' Wings;17
1484;PURIFICATION;Emerald Hephaestus' Hammer;11
1485;PURIFICATION;Mercuris Hades' Bident;11
1486;CHAOS;Mythic Hermes' Wings;17
1487;AURORA;Coral Hera's Staff;22
1488;CHAOS;Amethyst The Aegis;17
1489;CHAOS;Transcendent Poseidon's Trident;20
1490;AURORA;Toxic Zeus' Thunderbolt;23
1491;REFLECTION;Mercuris Hermes' Wings;31
1492;PURIFICATION;Toxic Hera's Staff;13
1493;CONJUNCTION;Amethyst Hera's Staff;26
1494;CHAOS;Golden Hermes' Wings;19
1495;AURORA;Mythic Artemis' Quiver;25
1496;CONJUNCTION;Toxic Apollo's Lyre;28
1497;CHAOS;Mythic Hermes' Wings;18
1498;CHAOS;Emerald Hera's Staff;18
1499;AURORA;Mercuris The Aegis;25
1500;AURORA;Golden Apollo's Lyre;24
1501;AURORA;Transcendent Hermes' Wings;22
1502;AURORA;Atlantis Zeus' Thunderbolt;23
1503;CHAOS;Coral Artemis' Bow;19
1504;AURORA;Transcendent Ares' Sword;21
1505;PURIFICATION;Transcendent Athena's Spear;11
1506;PURIFICATION;Coral Hephaestus' Hammer;14
1507;AURORA;Golden Ares' Sword;21
1508;CHAOS;Mercuris The Aegis;17
1509;PURIFICATION;Mercuris Ares' Spear;15
1510;AURORA;Golden The Aegis;21
1511;CHAOS;Agno Ares' Sword;17
1512;PURIFICATION;Toxic The Aegis;16
1513;AURORA;Mythic Ares' Sword;23
1514;AURORA;Golden Artemis' Quiver;25
1515;PURIFICATION;Amethyst Ares' Sword;16
1516;PURIFICATION;Adamantine Apollo's Lyre;16
1517;CHAOS;Emerald Demeter's Scythe;19
1518;CHAOS;Mercuris Hermes' Wings;18
1519;CHAOS;Atlantis Apollo's Lyre;18
1520;CHAOS;Golden Ares' Spear;20
1521;CHAOS;Skybound Hermes' Wings;20
1522;PURIFICATION;Skybound Hermes' Wings;15
1523;ASTRAL;Golden Artemis' Bow;41
1524;CHAOS;Transcendent Hephaestus' Hammer;19
1525;PURIFICATION;Adamantine Hades' Bident;14
1526;CHAOS;Mythic Demeter's Scythe;20
1527;CHAOS;Transcendent Ares' Sword;17
1528;CHAOS;Toxic Artemis' Bow;17
1529;CONJUNCTION;Amethyst Hermes' Wings;29
1530;AURORA;Mercuris Poseidon's Trident;21
1531;CHAOS;Mythic Artemis' Quiver;18
1532;CONJUNCTION;Golden Apollo's Lyre;27
1533;CHAOS;Adamantine Apollo's Lyre;18
1534;PURIFICATION;Mythic The Aegis;16
1535;AURORA;Skybound Ares' Sword;21
1536;AURORA;Skybound Ares' Sword;21
1537;CHAOS;Coral Hermes' Wings;18
1538;PURIFICATION;Emerald Athena's Spear;13
1539;AURORA;Agno The Aegis;24
1540;CHAOS;Skybound Hephaestus' Hammer;19
1541;AURORA;Emerald Hermes' Wings;25
1542;AURORA;Adamantine Artemis' Bow;22
1543;AURORA;Mercuris Hephaestus' Hammer;24
1544;CHAOS;Coral The Aegis;20
1545;AURORA;Golden Hephaestus' Hammer;21
1546;PURIFICATION;Adamantine Artemis' Bow;10
1547;CHAOS;Toxic Ares' Sword;20
1548;CONJUNCTION;Emerald Hades' Bident;28
1549;PURIFICATION;Toxic Apollo's Lyre;12
1550;AURORA;Mythic Ares' Sword;21
1551;CHAOS;Transcendent Apollo's Lyre;19
1552;CONJUNCTION;Mercuris Hermes' Wings;28
1553;CONJUNCTION;Atlantis Hades' Bident;28
1554;PURIFICATION;Adamantine Artemis' Quiver;14
1555;AURORA;Mercuris Artemis' Bow;22
1556;CHAOS;Coral Athena's Spear;19
1557;CHAOS;Adamantine Artemis' Quiver;20
1558;CHAOS;Skybound Athena's Spear;18
1559;CHAOS;Skybound The Aegis;18
1560;PURIFICATION;Amethyst Ares' Spear;15
1561;PURIFICATION;Coral Athena's Spear;15
1562;CHAOS;Mercuris Artemis' Quiver;20
1563;CHAOS;Coral Artemis' Quiver;17
1564;CHAOS;Adamantine Zeus' Thunderbolt;17
1565;PURIFICATION;Emerald Hera's Staff;14
1566;AURORA;Atlantis The Aegis;25
1567;CHAOS;Coral Ares' Spear;17
1568;PURIFICATION;Skybound Artemis' Quiver;13
1569;PURIFICATION;Emerald Demeter's Scythe;14
1570;PURIFICATION;Transcendent Hermes' Wings;10
1571;CHAOS;Amethyst Artemis' Bow;18
1572;CHAOS;Mercuris Athena's Spear;20
1573;PURIFICATION;Mythic Ares' Sword;10
1574;PURIFICATION;Atlantis Hades' Bident;14
1575;CHAOS;Golden Hades' Bident;18
1576;AURORA;Emerald Poseidon's Trident;21
1577;AURORA;Coral Demeter's Scythe;21
1578;AURORA;Golden Artemis' Bow;21
1579;PURIFICATION;Transcendent Poseidon's Trident;14
1580;CHAOS;Agno Zeus' Thunderbolt;17
1581;AURORA;Coral Poseidon's Trident;24
1582;AURORA;Atlantis Hades' Bident;21
1583;PURIFICATION;Toxic Demeter's Scythe;11
1584;CHAOS;Transcendent Hermes' Wings;20
1585;AURORA;Agno Ares' Sword;23
1586;AURORA;Coral Apollo's Lyre;23
1587;CONJUNCTION;Golden Poseidon's Trident;27
1588;CHAOS;Toxic Demeter's Scythe;18
1589;PURIFICATION;Skybound Poseidon's Trident;13
1590;PURIFICATION;Agno Hera's Staff;13
1591;PURIFICATION;Mercuris Hephaestus' Hammer;12
1592;AURORA;Golden Hera's Staff;24
1593;PURIFICATION;Golden Zeus' Thunderbolt;15
1594;CHAOS;Golden Artemis' Bow;20
1595;AURORA;Amethyst Hera's Staff;21
1596;PURIFICATION;Transcendent Artemis' Bow;14
1597;AURORA;Coral The Aegis;25
1598;CHAOS;Skybound Hades' Bident;20
1599;PURIFICATION;Emerald Hera's Staff;16
1600;PURIFICATION;Adamantine Artemis' Quiver;16
1601;CHAOS;Adamantine Ares' Spear;18
1602;AURORA;Golden Athena's Spear;23
1603;CONJUNCTION;Coral Zeus' Thunderbolt;29
1604;CHAOS;Adamantine Hera's Staff;18
1605;REFLECTION;Coral Poseidon's Trident;32
1606;PURIFICATION;Agno Zeus' Thunderbolt;10
1607;CHAOS;Emerald Ares' Sword;18
1608;AURORA;Mercuris Hades' Bident;22
1609;PURIFICATION;Toxic Athena's Spear;15
1610;AURORA;Mercuris Hephaestus' Hammer;21
1611;CONJUNCTION;Adamantine Ares' Spear;27
1612;AURORA;Mercuris Hermes' Wings;22
1613;AURORA;Mythic Poseidon's Trident;25
1614;CHAOS;Golden Artemis' Quiver;17
1615;CHAOS;Transcendent Ares' Sword;19
1616;PURIFICATION;Mercuris Demeter's Scythe;15
1617;PURIFICATION;Coral Hera's Staff;15
1618;PURIFICATION;Amethyst Poseidon's Trident;14
1619;CHAOS;Toxic Poseidon's Trident;17
1620;PURIFICATION;Mercuris Hera's Staff;16
1621;CONJUNCTION;Adamantine Ares' Sword;27
1622;PURIFICATION;Transcendent Artemis' Bow;14
1623;AURORA;Transcendent Demeter's Scythe;23
1624;PURIFICATION;Adamantine Artemis' Bow;15
1625;AURORA;Emerald Hephaestus' Hammer;22
1626;CHAOS;Emerald Hephaestus' Hammer;17
1627;CHAOS;Coral Ares' Sword;17
1628;CHAOS;Skybound Ares' Sword;18
1629;AURORA;Emerald Hades' Bident;22
1630;CHAOS;Coral Ares' Sword;18
1631;CHAOS;Toxic Artemis' Bow;18
1632;PURIFICATION;Adamantine Hades' Bident;14
1633;CHAOS;Skybound Ares' Sword;17
1634;AURORA;Skybound Poseidon's Trident;25
1635;CHAOS;Mythic Hera's Staff;18
1636;AURORA;Transcendent Hades' Bident;22
1637;CONJUNCTION;Atlantis Demeter's Scythe;26
1638;AURORA;Skybound Artemis' Bow;23
1639;PURIFICATION;Atlantis Poseidon's Trident;11
1640;CHAOS;Toxic Zeus' Thunderbolt;18
1641;CONJUNCTION;Mercuris Hera's Staff;28
1642;AURORA;Mythic Artemis' Bow;24
1643;CHAOS;Adamantine Athena's Spear;19
1644;CONJUNCTION;Golden Hades' Bident;26
1645;PURIFICATION;Coral Artemis' Quiver;16
1646;PURIFICATION;Skybound Hermes' Wings;10
1647;CHAOS;Golden Hera's Staff;17
1648;AGNO;Adamantine Hephaestus' Hammer;49
1649;PURIFICATION;Skybound Hera's Staff;15
1650;AURORA;Coral Ares' Spear;23
1651;CHAOS;Coral Athena's Spear;17
1652;CONJUNCTION;Adamantine Artemis' Quiver;28
1653;AURORA;Coral Demeter's Scythe;25
1654;CHAOS;Skybound Ares' Sword;18
1655;CHAOS;Emerald Ares' Sword;20
1656;CHAOS;Skybound Demeter's Scythe;20
1657;CONJUNCTION;Toxic Demeter's Scythe;28
1658;AURORA;Agno Athena's Spear;22
1659;CHAOS;Emerald Hera's Staff;19
1660;CHAOS;Amethyst Hermes' Wings;17
1661;CHAOS;Amethyst Hephaestus' Hammer;19
1662;CHAOS;Emerald Demeter's Scythe;17
1663;PURIFICATION;Mercuris Artemis' Bow;12
1664;AURORA;Golden Apollo's Lyre;22
1665;AURORA;Mercuris Zeus' Thunderbolt;23
1666;PURIFICATION;Adamantine Hephaestus' Hammer;14
1667;PURIFICATION;Amethyst Hades' Bident;16
1668;PURIFICATION;Atlantis Ares' Spear;11
1669;PURIFICATION;Adamantine Zeus' Thunderbolt;13
1670;CONJUNCTION;Mythic The Aegis;27
1671;AURORA;Golden Hephaestus' Hammer;22
1672;CHAOS;Mythic Apollo's Lyre;18
1673;AURORA;Golden Hephaestus' Hammer;23
1674;PURIFICATION;Amethyst Poseidon's Trident;14
1675;AURORA;Skybound Hephaestus' Hammer;21
1676;AURORA;Skybound Apollo's Lyre;21
1677;AURORA;Adamantine Artemis' Bow;25
1678;CHAOS;Toxic Artemis' Bow;19
1679;CONJUNCTION;Coral Athena's Spear;29
1680;CHAOS;Mercuris Hermes' Wings;20
1681;CHAOS;Mercuris Demeter's Scythe;18
1682;PURIFICATION;Mercuris Hera's Staff;10
1683;PURIFICATION;Amethyst Ares' Sword;16
1684;CHAOS;Adamantine Apollo's Lyre;18
1685;AURORA;Skybound Demeter's Scythe;22
1686;PURIFICATION;Atlantis Athena's Spear;15
1687;CHAOS;Toxic The Aegis;20
1688;PURIFICATION;Mythic Zeus' Thunderbolt;15
1689;AURORA;Adamantine Hera's Staff;24
1690;CHAOS;Agno Demeter's Scythe;18
1691;PURIFICATION;Skybound Zeus' Thunderbolt;12
1692;AURORA;Mythic Hades' Bident;21
1693;CHAOS;Toxic Zeus' Thunderbolt;18
1694;PURIFICATION;Golden Zeus' Thunderbolt;10
1695;CHAOS;Skybound Hades' Bident;19
1696;AURORA;Mythic Hephaestus' Hammer;21
1697;CHAOS;Transcendent Hades' Bident;17
1698;CHAOS;Adamantine Ares' Spear;19
1699;PURIFICATION;Atlantis Zeus' Thunderbolt;16
1700;CHAOS;Emerald Ares' Spear;18
1701;AURORA;Mercuris Athena's Spear;23
1702;CHAOS;Agno Artemis' Quiver;17
1703;CHAOS;Emerald Hephaestus' Hammer;20
1704;REFLECTION;Atlantis Hermes' Wings;35
1705;AURORA;Amethyst Athena's Spear;25
1706;PURIFICATION;Mercuris Hades' Bident;10
1707;CHAOS;Coral Zeus' Thunderbolt;19
1708;PURIFICATION;Transcendent Hermes' Wings;10
1709;PURIFICATION;Atlantis Ares' Sword;15
1710;CHAOS;Coral Hades' Bident;20
1711;PURIFICATION;Adamantine Athena's Spear;11
1712;AURORA;Amethyst The Aegis;22
1713;CHAOS;Golden Poseidon's Trident;18
1714;AURORA;Emerald Hera's Staff;21
1715;PURIFICATION;Coral Hades' Bident;11
1716;CONJUNCTION;Emerald Ares' Sword;27
1717;AURORA;Golden Artemis' Quiver;24
1718;CONJUNCTION;Atlantis Hades' Bident;29
1719;CHAOS;Skybound Artemis' Bow;19
1720;AURORA;Adamantine Poseidon's Trident;24
1721;AURORA;Coral Artemis' Bow;23
1722;PURIFICATION;Emerald Hera's Staff;11
1723;PURIFICATION;Mythic Poseidon's Trident;15
1724;CHAOS;Transcendent Ares' Sword;18
1725;PURIFICATION;Skybound Hera's Staff;14
1726;PURIFICATION;Agno Artemis' Bow;14
1727;AURORA;Skybound Athena's Spear;21
1728;AURORA;Transcendent Hera's Staff;22
1729;PURIFICATION;Atlantis Hera's Staff;14
1730;PURIFICATION;Agno Demeter's Scythe;15
1731;CONJUNCTION;Skybound Hera's Staff;29
1732;PURIFICATION;Mythic Apollo's Lyre;11
1733;PURIFICATION;Adamantine Poseidon's Trident;11
1734;CHAOS;Golden Artemis' Bow;20
1735;CHAOS;Mythic Hephaestus' Hammer;19
1736;CHAOS;Coral Ares' Sword;20
1737;PURIFICATION;Atlantis Hades' Bident;10
1738;PURIFICATION;Adamantine Poseidon's Trident;10
1739;PURIFICATION;Toxic Zeus' Thunderbolt;15
1740;PURIFICATION;Amethyst Zeus' Thunderbolt;14
1741;CHAOS;Adamantine Artemis' Bow;19
1742;PURIFICATION;Atlantis Zeus' Thunderbolt;15
1743;CHAOS;Amethyst The Aegis;19
1744;PURIFICATION;Adamantine The Aegis;14
1745;CHAOS;Emerald Hera's Staff;17
1746;AURORA;Adamantine Ares' Spear;22
1747;PURIFICATION;Mercuris The Aegis;13
1748;CHAOS;Mercuris Artemis' Bow;19
1749;AURORA;Skybound Hera's Staff;23
1750;CONJUNCTION;Golden Ares' Sword;30
1751;PURIFICATION;Skybound Hades' Bident;10
1752;CHAOS;Golden Demeter's Scythe;17
1753;PURIFICATION;Emerald Hermes' Wings;14
1754;CHAOS;Toxic Poseidon's Trident;18
1755;PURIFICATION;Coral Ares' Sword;10
1756;PURIFICATION;Amethyst Athena's Spear;12
1757;CHAOS;Transcendent Hephaestus' Hammer;18
1758;PURIFICATION;Amethyst The Aegis;10
1759;CHAOS;Mercuris Ares' Sword;19
1760;CHAOS;Coral Ares' Sword;19
1761;AURORA;Coral The Aegis;22
1762;PURIFICATION;Emerald Poseidon's Trident;13
1763;CONJUNCTION;Adamantine Hades' Bident;28
1764;PURIFICATION;Golden Hades' Bident;15
1765;CHAOS;Skybound Apollo's Lyre;17
1766;PURIFICATION;Mythic Athena's Spear;16
1767;CHAOS;Atlantis Athena's Spear;17
1768;PURIFICATION;Amethyst The Aegis;13
1769;AURORA;Coral The Aegis;23
1770;PURIFICATION;Golden Ares' Sword;16
1771;PURIFICATION;Mercuris The Aegis;14
1772;AURORA;Agno Hephaestus' Hammer;23
1773;CHAOS;Amethyst Athena's Spear;17
1774;CHAOS;Atlantis Athena's Spear;17
1775;CHAOS;Atlantis Ares' Spear;20
1776;PURIFICATION;Toxic Artemis' Bow;15
1777;PURIFICATION;Mercuris Hades' Bident;13
1778;CHAOS;Golden The Aegis;20
1779;CHAOS;Mercuris Zeus' Thunderbolt;18
1780;CONJUNCTION;Adamantine Poseidon's Trident;29
1781;PURIFICATION;Amethyst Demeter's Scythe;10
1782;CHAOS;Mythic Ares' Sword;18
1783;AURORA;Amethyst Athena's Spear;21
1784;CHAOS;Adamantine Zeus' Thunderbolt;20
1785;CHAOS;Mythic Artemis' Bow;19
1786;ASTRAL;Golden The Aegis;36
1787;AURORA;Mythic Ares' Spear;23
1788;AURORA;Transcendent Ares' Spear;21
1789;REFLECTION;Amethyst Demeter's Scythe;33
1790;PURIFICATION;Emerald Hera's Staff;16
1791;PURIFICATION;Coral Hades' Bident;11
1792;AURORA;Adamantine Poseidon's Trident;23
1793;CHAOS;Skybound Demeter's Scythe;20
1794;CHAOS;Atlantis Ares' Sword;17
1795;CHAOS;Golden Hermes' Wings;19
1796;PURIFICATION;Emerald Artemis' Quiver;13
1797;PURIFICATION;Mercuris Athena's Spear;13
1798;PURIFICATION;Agno Demeter's Scythe;11
1799;PURIFICATION;Golden Athena's Spear;16
1800;CONJUNCTION;Transcendent Apollo's Lyre;29
1801;AURORA;Amethyst Hephaestus' Hammer;22
1802;REFLECTION;Mercuris Zeus' Thunderbolt;35
1803;CHAOS;Adamantine Athena's Spear;18
1804;CHAOS;Transcendent Hermes' Wings;20
1805;PURIFICATION;Mythic Apollo's Lyre;16
1806;CHAOS;Mercuris Hephaestus' Hammer;20
1807;PURIFICATION;Mercuris Ares' Spear;12
1808;PURIFICATION;Adamantine Hera's Staff;10
1809;CHAOS;Skybound Athena's Spear;20
1810;PURIFICATION;Coral Hera's Staff;16
1811;AURORA;Adamantine Athena's Spear;24
1812;CHAOS;Mythic Hera's Staff;19
1813;CHAOS;Agno Hermes' Wings;20
1814;PURIFICATION;Amethyst Ares' Spear;13
1815;CHAOS;Toxic Apollo's Lyre;19
1816;CHAOS;Emerald Ares' Spear;19
1817;PURIFICATION;Amethyst The Aegis;12
1818;PURIFICATION;Mercuris Artemis' Quiver;15
1819;PURIFICATION;Skybound Hephaestus' Hammer;16
1820;PURIFICATION;Mythic Artemis' Quiver;15
1821;AURORA;Adamantine Artemis' Quiver;23
1822;AGNO;Agno Hephaestus' Hammer;47
1823;CHAOS;Adamantine Artemis' Quiver;19
1824;AURORA;Skybound Zeus' Thunderbolt;23
1825;AURORA;Amethyst Hades' Bident;21
1826;CHAOS;Golden Ares' Sword;20
1827;PURIFICATION;Atlantis Artemis' Quiver;11
1828;CHAOS;Adamantine Artemis' Bow;18
1829;PURIFICATION;Mercuris Athena's Spear;11
1830;PURIFICATION;Agno Hades' Bident;11
1831;AURORA;Mercuris Demeter's Scythe;21
1832;PURIFICATION;Toxic Ares' Sword;14
1833;AURORA;Amethyst Hermes' Wings;24
1834;PURIFICATION;Emerald Demeter's Scythe;13
1835;CHAOS;Mercuris Poseidon's Trident;17
1836;PURIFICATION;Skybound Hephaestus' Hammer;15
1837;CHAOS;Skybound Hera's Staff;17
1838;AURORA;Skybound Demeter's Scythe;24
1839;CHAOS;Skybound The Aegis;20
1840;CHAOS;Mercuris Apollo's Lyre;18
1841;CHAOS;Mercuris Hephaestus' Hammer;20
1842;AURORA;Coral Hephaestus' Hammer;24
1843;CHAOS;Mythic The Aegis;17
1844;PURIFICATION;Mercuris Hephaestus' Hammer;16
1845;PURIFICATION;Amethyst Poseidon's Trident;12
1846;PURIFICATION;Emerald Hermes' Wings;14
1847;CHAOS;Skybound Hades' Bident;17
1848;AURORA;Mercuris Hermes' Wings;24
1849;PURIFICATION;Mythic Ares' Sword;16
1850;AURORA;Golden Zeus' Thunderbolt;21
1851;CONJUNCTION;Skybound Hermes' Wings;26
1852;CHAOS;Amethyst Demeter's Scythe;19
1853;CHAOS;Emerald Apollo's Lyre;20
1854;PURIFICATION;Adamantine The Aegis;11
1855;PURIFICATION;Mythic Ares' Sword;14
1856;PURIFICATION;Adamantine Zeus' Thunderbolt;16
1857;CHAOS;Atlantis Hermes' Wings;17
1858;AURORA;Skybound Zeus' Thunderbolt;23
1859;PURIFICATION;Transcendent Hades' Bident;13
1860;PURIFICATION;Adamantine The Aegis;15
1861;AURORA;Agno Artemis' Quiver;21
1862;AURORA;Coral Poseidon's Trident;25
1863;AURORA;Adamantine The Aegis;24
1864;AURORA;Emerald Artemis' Quiver;21
1865;PURIFICATION;Mythic Apollo's Lyre;10
1866;CONJUNCTION;Agno Hermes' Wings;30
1867;AURORA;Amethyst The Aegis;22
1868;PURIFICATION;Skybound Artemis' Quiver;14
1869;PURIFICATION;Skybound Hera's Staff;13
1870;CHAOS;Transcendent Zeus' Thunderbolt;18
1871;PURIFICATION;Atlantis Artemis' Quiver;12
1872;AURORA;Toxic The Aegis;23
1873;AURORA;Atlantis Demeter's Scythe;21
1874;AURORA;Mercuris Zeus' Thunderbolt;21
1875;CHAOS;Skybound Hephaestus' Hammer;19
1876;AURORA;Golden Hephaestus' Hammer;25
1877;CHAOS;Coral Athena's Spear;19
1878;PURIFICATION;Atlantis Hephaestus' Hammer;16
1879;CHAOS;Mythic Ares' Spear;20
1880;REFLECTION;Atlantis Artemis' Bow;34
1881;CHAOS;Golden Demeter's Scythe;18
1882;PURIFICATION;Emerald Ares' Sword;12
1883;PURIFICATION;Golden Hermes' Wings;16
1884;PURIFICATION;Golden Hermes' Wings;13
1885;CHAOS;Mercuris Hera's Staff;19
1886;PURIFICATION;Agno Artemis' Quiver;10
1887;CHAOS;Skybound Ares' Sword;19
1888;PURIFICATION;Atlantis Ares' Sword;11
1889;PURIFICATION;Emerald Demeter's Scythe;13
1890;CHAOS;Adamantine Hermes' Wings;19
1891;CHAOS;Mercuris Hades' Bident;20
1892;CHAOS;Toxic Athena's Spear;17
1893;AURORA;Amethyst Ares' Spear;24
1894;CHAOS;Atlantis Hephaestus' Hammer;19
1895;REFLECTION;Transcendent Hera's Staff;33
1896;CHAOS;Skybound The Aegis;18
1897;REFLECTION;Atlantis Hermes' Wings;35
1898;CHAOS;Golden Ares' Sword;20
1899;PURIFICATION;Golden Hephaestus' Hammer;11
1900;CONJUNCTION;Transcendent Ares' Spear;28
1901;PURIFICATION;Toxic Hera's Staff;14
1902;CHAOS;Atlantis Athena's Spear;17
1903;PURIFICATION;Emerald Ares' Sword;10
1904;CONJUNCTION;Coral Demeter's Scythe;29
1905;AURORA;Skybound Demeter's Scythe;22
1906;CHAOS;Transcendent Artemis' Quiver;19
1907;PURIFICATION;Mythic Athena's Spear;12
1908;CHAOS;Adamantine Zeus' Thunderbolt;19
1909;CONJUNCTION;Atlantis Poseidon's Trident;26
1910;CHAOS;Golden The Aegis;19
1911;PURIFICATION;Adamantine Athena's Spear;13
1912;CHAOS;Amethyst Hephaestus' Hammer;19
1913;CHAOS;Adamantine The Aegis;18
1914;CHAOS;Agno Hephaestus' Hammer;19
1915;PURIFICATION;Mercuris The Aegis;16
1916;CHAOS;Emerald Hera's Staff;18
1917;CONJUNCTION;Atlantis Hades' Bident;27
1918;AURORA;Mythic Artemis' Quiver;23
1919;PURIFICATION;Coral Poseidon's Trident;13
1920;ASTRAL;Coral Poseidon's Trident;36
1921;PURIFICATION;Mythic Artemis' Bow;12
1922;CHAOS;Mythic Artemis' Bow;18
1923;CHAOS;Amethyst Demeter's Scythe;17
1924;AURORA;Coral The Aegis;25
1925;AURORA;Coral Artemis' Quiver;22
1926;CHAOS;Skybound Apollo's Lyre;20
1927;CHAOS;Emerald Artemis' Bow;20
1928;PURIFICATION;Amethyst Hephaestus' Hammer;16
1929;AURORA;Coral Hades' Bident;22
1930;CHAOS;Mythic Hephaestus' Hammer;20
1931;AURORA;Adamantine Ares' Sword;24
1932;AURORA;Mercuris Apollo's Lyre;22
1933;CHAOS;Agno Hera's Staff;19
1934;CHAOS;Skybound Artemis' Bow;20
1935;PURIFICATION;Coral Zeus' Thunderbolt;11
1936;CHAOS;Atlantis Artemis' Bow;18
1937;PURIFICATION;Atlantis Hephaestus' Hammer;12
1938;PURIFICATION;Toxic The Aegis;11
1939;PURIFICATION;Golden Demeter's Scythe;12
1940;CONJUNCTION;Mercuris Artemis' Quiver;27
1941;CHAOS;Mercuris Ares' Sword;17
1942;AURORA;Mercuris Hera's Staff;23
1943;AURORA;Skybound Zeus' Thunderbolt;25
1944;AURORA;Atlantis Poseidon's Trident;21
1945;CHAOS;Mythic Apollo's Lyre;17
1946;CHAOS;Coral Zeus' Thunderbolt;19
1947;CHAOS;Mercuris Artemis' Bow;19
1948;PURIFICATION;Atlantis Artemis' Bow;11
1949;CHAOS;Skybound Hermes' Wings;17
1950;CONJUNCTION;Mythic Hermes' Wings;29
1951;CHAOS;Skybound Ares' Spear;17
1952;AURORA;Emerald Artemis' Bow;24
1953;CHAOS;Atlantis Ares' Sword;18
1954;AURORA;Skybound Apollo's Lyre;22
1955;CHAOS;Agno Ares' Sword;17
1956;AURORA;Golden Artemis' Bow;21
1957;PURIFICATION;Skybound Hephaestus' Hammer;12
1958;CHAOS;Agno Hera's Staff;18
1959;CONJUNCTION;Adamantine Hermes' Wings;28
1960;PURIFICATION;Skybound Apollo's Lyre;12
1961;PURIFICATION;Atlantis Demeter's Scythe;14
1962;CHAOS;Coral Hera's Staff;17
1963;AURORA;Amethyst The Aegis;23
1964;AURORA;Mythic Ares' Spear;24
1965;AURORA;Mythic Demeter's Scythe;22
1966;CONJUNCTION;Atlantis Hermes' Wings;27
1967;PURIFICATION;Agno Ares' Sword;16
1968;PURIFICATION;Golden Hera's Staff;16
1969;CHAOS;Mercuris Hermes' Wings;18
1970;CHAOS;Golden Zeus' Thunderbolt;20
1971;CHAOS;Atlantis Ares' Sword;17
1972;PURIFICATION;Amethyst Athena's Spear;16
1973;CHAOS;Golden Hades' Bident;20
1974;PURIFICATION;Atlantis Apollo's Lyre;16
1975;CHAOS;Adamantine Artemis' Quiver;20
1976;CHAOS;Toxic Hermes' Wings;17
1977;PURIFICATION;Emerald Poseidon's Trident;13
1978;CHAOS;Atlantis Hermes' Wings;18
1979;AURORA;Mercuris Hades' Bident;22
1980;CHAOS;Mythic Hermes' Wings;17
1981;CHAOS;Skybound Poseidon's Trident;18
1982;AURORA;Golden Poseidon's Trident;22
1983;CONJUNCTION;Mythic Ares' Sword;30
1984;CHAOS;Skybound Hermes' Wings;17
1985;AURORA;Mercuris Demeter's Scythe;21
1986;CHAOS;Emerald Apollo's Lyre;17
1987;REFLECTION;Mercuris The Aegis;31
1988;PURIFICATION;Mythic Apollo's Lyre;13
1989;CHAOS;Emerald Zeus' Thunderbolt;17
1990;PURIFICATION;Skybound Hermes' Wings;15
1991;PURIFICATION;Amethyst Artemis' Bow;14
1992;AURORA;Atlantis Hermes' Wings;22
1993;PURIFICATION;Golden Hera's Staff;13
1994;AURORA;Adamantine Zeus' Thunderbolt;21
1995;AURORA;Toxic Ares' Spear;23
1996;AURORA;Mercuris Hades' Bident;22
1997;PURIFICATION;Emerald Hephaestus' Hammer;15
1998;PURIFICATION;Mythic Hera's Staff;10
1999;AURORA;Emerald Hephaestus' Hammer;25
